problem,solver,settings,runtime,found,primal_residual,dual_residual,duality_gap
DUAL1,clarabel,default,0.0070750529994256794,True,0.0,2.6173297539535077e-15,5.768956229390554e-09
DUAL1,clarabel,high_accuracy,0.00852508800016949,True,1.1102230246251565e-16,3.569849710977069e-12,2.6880228598535894e-10
DUAL1,clarabel,low_accuracy,0.005325584999809507,True,0.0,5.543274986165997e-15,0.0002381987037435654
DUAL1,clarabel,mid_accuracy,0.007325762999244034,True,1.1102230246251565e-16,4.448772416585847e-15,8.371203270851613e-08
DUAL1,cvxopt,default,0.008692651999808731,True,0.0,2.9626216395724205e-15,5.489789310642035e-09
DUAL1,cvxopt,high_accuracy,0.009479033999014064,True,0.0,2.9626216395724205e-15,5.489789310642035e-09
DUAL1,cvxopt,low_accuracy,0.0157785920000606,True,0.0,2.9626216395724205e-15,5.489789310642035e-09
DUAL1,cvxopt,mid_accuracy,0.008964011998614296,True,0.0,2.9626216395724205e-15,5.489789310642035e-09
DUAL1,daqp,default,0.0005668330013577361,True,1.2323475573339238e-14,4.8433479449272454e-15,2.914335439641036e-16
DUAL1,daqp,high_accuracy,0.0005580299985012971,True,1.2323475573339238e-14,4.8433479449272454e-15,2.914335439641036e-16
DUAL1,daqp,low_accuracy,0.0005238989997451426,True,0.0005833811530557839,3.2890357104520263e-15,9.020562075079397e-17
DUAL1,daqp,mid_accuracy,0.000545963999684318,True,1.2323475573339238e-14,4.8433479449272454e-15,2.914335439641036e-16
DUAL1,ecos,default,0.020810169000469614,True,9.736655925962623e-14,6.0626033182825776e-06,1.0762487090421047e-07
DUAL1,ecos,high_accuracy,0.019478439999147668,True,9.736655925962623e-14,6.0626033182825776e-06,1.0762487090421047e-07
DUAL1,ecos,low_accuracy,0.022003485999448458,True,9.736655925962623e-14,6.0626033182825776e-06,1.0762487090421047e-07
DUAL1,ecos,mid_accuracy,0.01950756500082207,True,9.736655925962623e-14,6.0626033182825776e-06,1.0762487090421047e-07
DUAL1,highs,default,0.03628126299918222,True,2.220446049250313e-16,0.027062839664948535,0.0001508987460274655
DUAL1,highs,high_accuracy,0.035031421000894625,True,2.220446049250313e-16,0.027062839664948535,0.0001508987460274655
DUAL1,highs,low_accuracy,0.035799097999188234,True,2.220446049250313e-16,0.027062839664948535,0.0001508987460274655
DUAL1,highs,mid_accuracy,0.03946495799937111,True,2.220446049250313e-16,0.027062839664948535,0.0001508987460274655
DUAL1,osqp,default,0.0024343919994862517,True,2.494884218824924e-09,1.173576164650858e-07,6.908460027603518e-08
DUAL1,osqp,high_accuracy,0.005524879999939003,True,1.669450209715794e-10,1.2431500273635265e-11,1.710553210293521e-11
DUAL1,osqp,low_accuracy,0.0025002670008689165,True,2.4229337812632906e-05,2.7583335912573226e-07,2.8053949784957464e-06
DUAL1,osqp,mid_accuracy,0.004052569000123185,True,2.4659134465446445e-07,2.131008833283765e-08,2.2646156887074997e-08
DUAL1,piqp,default,0.0010775530008686474,True,2.220446049250313e-16,3.73884817897463e-09,1.9456948968654686e-09
DUAL1,piqp,high_accuracy,0.0011883410006703343,True,1.1102230246251565e-16,1.4626634528685197e-10,4.2410297496076055e-11
DUAL1,piqp,low_accuracy,0.0008392820000153733,True,9.992007221626409e-16,0.000578745517161746,2.7246956690755997e-05
DUAL1,piqp,mid_accuracy,0.001564886999403825,True,1.1102230246251565e-16,2.9647096993861127e-07,1.5823356652733267e-09
DUAL1,proxqp,default,0.0025665539997135056,True,4.52478129309853e-06,1.9865784372120193e-08,0.0035816185813131217
DUAL1,proxqp,high_accuracy,0.003276556000855635,True,4.4873779494659577e-11,6.39280295366973e-14,5.713721162869945e-12
DUAL1,proxqp,low_accuracy,0.0015639009998267284,True,9.339673333215914e-05,1.406540225110109e-06,0.5335077830481867
DUAL1,proxqp,mid_accuracy,0.0011163260005560005,True,2.7489095451199783e-08,1.2377239511085492e-10,3.3268566720923154e-09
DUAL1,qpalm,default,0.002243828999780817,True,7.380550183397473e-05,1.0188617310946668e-11,6.0130160729321815e-06
DUAL1,qpalm,high_accuracy,0.0028194009992148494,True,1.6865577000179797e-10,5.474787290182803e-14,1.1356441937011852e-11
DUAL1,qpalm,low_accuracy,0.002106751999235712,True,0.0001725733601910674,0.0006239665525611462,1.4736723317294626e-05
DUAL1,qpalm,mid_accuracy,0.002590105001218035,True,5.923934855952418e-07,1.193503791890177e-12,1.8903076109727697e-08
DUAL1,qpoases,default,0.006789332999687758,True,1.1102230246251565e-16,2.1788126858268697e-15,1.3877787807814457e-17
DUAL1,qpoases,high_accuracy,0.01656191599977319,True,2.220446049250313e-16,1.85268467234323e-15,1.734723475976807e-16
DUAL1,qpoases,low_accuracy,0.0028343819994915975,True,4.440892098500626e-16,5.995204332975845e-15,3.726186026398182e-15
DUAL1,qpoases,mid_accuracy,0.007437291000314872,True,1.1102230246251565e-16,2.1788126858268697e-15,1.3877787807814457e-17
DUAL1,quadprog,default,0.0011837799993372755,True,2.9976021664879227e-15,2.8151092568151626e-14,3.95516952522712e-16
DUAL1,quadprog,high_accuracy,0.0012704590008070227,True,2.9976021664879227e-15,2.8151092568151626e-14,3.95516952522712e-16
DUAL1,quadprog,low_accuracy,0.0012126140009058872,True,2.9976021664879227e-15,2.8151092568151626e-14,3.95516952522712e-16
DUAL1,quadprog,mid_accuracy,0.0013790860011795303,True,2.9976021664879227e-15,2.8151092568151626e-14,3.95516952522712e-16
DUAL1,scs,default,0.006267505999858258,True,8.795098613955961e-06,4.737696574413919e-05,1.983020261339083e-06
DUAL1,scs,high_accuracy,0.007441031999405823,True,1.3663687584156017e-12,5.660076574098838e-12,3.031759628084723e-13
DUAL1,scs,low_accuracy,0.002606370999274077,True,8.795098613955961e-06,4.737696574413919e-05,1.983020261339083e-06
DUAL1,scs,mid_accuracy,0.002855032000297797,True,1.2349727042291554e-09,2.7070756976332877e-08,1.1742186724795332e-09
DUAL2,clarabel,default,0.009061531000043033,True,1.1102230246251565e-16,2.2399996439014186e-12,6.686766626518015e-10
DUAL2,clarabel,high_accuracy,0.0076473389999591745,True,1.1102230246251565e-16,2.2399996439014186e-12,6.686766626518015e-10
DUAL2,clarabel,low_accuracy,0.00720505199933541,True,2.220446049250313e-16,1.7159125682841836e-15,0.0004087378600715133
DUAL2,clarabel,mid_accuracy,0.008524418000888545,True,2.220446049250313e-16,1.4124684561243999e-15,5.495766993574014e-08
DUAL2,cvxopt,default,0.009032620999278151,True,0.0,1.0942257949471893e-15,2.114704952815849e-08
DUAL2,cvxopt,high_accuracy,0.015169460999459261,True,0.0,1.0942257949471893e-15,2.114704952815849e-08
DUAL2,cvxopt,low_accuracy,0.008614562000730075,True,0.0,1.0942257949471893e-15,2.114704952815849e-08
DUAL2,cvxopt,mid_accuracy,0.009364964000269538,True,0.0,1.0942257949471893e-15,2.114704952815849e-08
DUAL2,daqp,default,0.0005775030003860593,True,2.55351295663786e-15,2.8449465006019636e-15,1.5265566588595902e-16
DUAL2,daqp,high_accuracy,0.0011366250000719447,True,2.55351295663786e-15,2.8449465006019636e-15,1.5265566588595902e-16
DUAL2,daqp,low_accuracy,0.0012513519995991373,True,0.0005042942084183311,2.3245294578089215e-15,1.1796119636642288e-16
DUAL2,daqp,mid_accuracy,0.0012575189994095126,True,2.55351295663786e-15,2.8449465006019636e-15,1.5265566588595902e-16
DUAL2,ecos,default,0.024528392999854987,True,2.4424906541753444e-15,1.174525969373924e-05,1.7502601520891226e-09
DUAL2,ecos,high_accuracy,0.023812449000615743,True,2.4424906541753444e-15,1.174525969373924e-05,1.7502601520891226e-09
DUAL2,ecos,low_accuracy,0.02365587299937033,True,2.4424906541753444e-15,1.174525969373924e-05,1.7502601520891226e-09
DUAL2,ecos,mid_accuracy,0.02368775399918377,True,2.4424906541753444e-15,1.174525969373924e-05,1.7502601520891226e-09
DUAL2,highs,default,0.05698598600065452,True,4.440892098500626e-16,0.03318225538553395,6.324899020446195e-05
DUAL2,highs,high_accuracy,0.05712976799986791,True,4.440892098500626e-16,0.03318225538553395,6.324899020446195e-05
DUAL2,highs,low_accuracy,0.057503200998326065,True,4.440892098500626e-16,0.03318225538553395,6.324899020446195e-05
DUAL2,highs,mid_accuracy,0.05749789200126543,True,4.440892098500626e-16,0.03318225538553395,6.324899020446195e-05
DUAL2,osqp,default,0.008787925999058643,True,3.0936811779014306e-08,8.551934785328008e-08,8.502020045081962e-08
DUAL2,osqp,high_accuracy,0.00856385999941267,True,3.3672262933753995e-13,2.804961124480698e-13,2.6947657486878436e-13
DUAL2,osqp,low_accuracy,0.0030363509995368076,True,1.7181944755861878e-09,8.55181807209171e-08,7.743254203339845e-08
DUAL2,osqp,mid_accuracy,0.0035739960003411397,True,1.7181944755861878e-09,8.55181807209171e-08,7.743254203339845e-08
DUAL2,piqp,default,0.0013357899988477584,True,2.220446049250313e-16,4.7157707782931135e-09,3.2719750520104895e-11
DUAL2,piqp,high_accuracy,0.0031816420014365576,True,0.0,4.613915048223528e-11,2.1526530558091395e-13
DUAL2,piqp,low_accuracy,0.002351184999497491,True,5.551115123125783e-16,0.0002545329134388784,2.403898937227561e-05
DUAL2,piqp,mid_accuracy,0.002717355000640964,True,2.220446049250313e-16,4.89248966230107e-07,1.5436117654921144e-08
DUAL2,proxqp,default,0.00572309699964535,True,8.661200237736312e-07,2.6423629499727763e-09,5.829889567626756e-08
DUAL2,proxqp,high_accuracy,0.007859234001443838,True,7.489640213385559e-10,2.092322842761618e-12,3.879715992916033e-11
DUAL2,proxqp,low_accuracy,0.001723870000205352,True,3.105231500741946e-05,1.1784830733843621e-07,2.3303763867013605e-06
DUAL2,proxqp,mid_accuracy,0.0018623060004756553,True,8.661200237736312e-07,2.6423629499727763e-09,5.829889567626756e-08
DUAL2,qpalm,default,0.0052429670013225405,True,5.590064189320287e-09,2.2937152177604503e-11,1.4854789001650381e-07
DUAL2,qpalm,high_accuracy,0.005428497999673709,True,7.948733315170872e-13,8.08311750866153e-14,1.7766413340503107e-12
DUAL2,qpalm,low_accuracy,0.0015481979989999672,True,0.0003097475969965411,3.627644351578141e-09,7.080832252218117e-05
DUAL2,qpalm,mid_accuracy,0.002164060999348294,True,2.2320920077898106e-10,3.17731951859912e-13,2.2881594813339845e-09
DUAL2,qpoases,default,0.03347769799984235,True,3.3306690738754696e-16,1.4432899320127035e-15,5.551115123125783e-17
DUAL2,qpoases,high_accuracy,0.08210387399958563,True,2.220446049250313e-16,1.0547118733938987e-15,4.163336342344337e-17
DUAL2,qpoases,low_accuracy,0.0042668630012485664,True,1.487901815644399e-12,2.9351521213527576e-15,4.0342729157316626e-14
DUAL2,qpoases,mid_accuracy,0.033364497001457494,True,3.3306690738754696e-16,1.4432899320127035e-15,5.551115123125783e-17
DUAL2,quadprog,default,0.0015121389988053124,True,3.3306690738754696e-16,1.1213252548714081e-14,9.020562075079397e-17
DUAL2,quadprog,high_accuracy,0.0016703600012988318,True,3.3306690738754696e-16,1.1213252548714081e-14,9.020562075079397e-17
DUAL2,quadprog,low_accuracy,0.0016490870002598967,True,3.3306690738754696e-16,1.1213252548714081e-14,9.020562075079397e-17
DUAL2,quadprog,mid_accuracy,0.001643644000068889,True,3.3306690738754696e-16,1.1213252548714081e-14,9.020562075079397e-17
DUAL2,scs,default,0.007026322000456275,True,2.1457680632330778e-08,2.3014786469655046e-07,1.2974798097878232e-07
DUAL2,scs,high_accuracy,0.008392349000132526,True,1.1102230246251565e-15,1.5620837956475953e-13,5.61554792250593e-15
DUAL2,scs,low_accuracy,0.002967792999697849,True,2.1457680632330778e-08,2.3014786469655046e-07,1.2974798097878232e-07
DUAL2,scs,mid_accuracy,0.0032800539993331768,True,2.1457680632330778e-08,2.3014786469655046e-07,1.2974798097878232e-07
DUAL3,clarabel,default,0.012135850998674869,True,0.0,1.4527316036325871e-11,2.7494225784963078e-09
DUAL3,clarabel,high_accuracy,0.011222681001527235,True,3.3306690738754696e-16,6.399433690211162e-12,4.421628618800355e-10
DUAL3,clarabel,low_accuracy,0.008276448999822605,True,3.3306690738754696e-16,2.721537188318801e-15,0.00048629368591446287
DUAL3,clarabel,mid_accuracy,0.011148868999953265,True,1.1102230246251565e-16,1.766815860282378e-15,2.8353690798010867e-07
DUAL3,cvxopt,default,0.012738408000586787,True,2.220446049250313e-16,2.7283350932164066e-15,1.5341437453741946e-08
DUAL3,cvxopt,high_accuracy,0.018250499000714626,True,2.220446049250313e-16,2.7283350932164066e-15,1.5341437453741946e-08
DUAL3,cvxopt,low_accuracy,0.02258610899843916,True,2.220446049250313e-16,2.7283350932164066e-15,1.5341437453741946e-08
DUAL3,cvxopt,mid_accuracy,0.02369814600024256,True,2.220446049250313e-16,2.7283350932164066e-15,1.5341437453741946e-08
DUAL3,daqp,default,0.0008799780007393565,True,1.2212453270876722e-15,4.107825191113079e-15,2.220446049250313e-16
DUAL3,daqp,high_accuracy,0.0020860029999312246,True,1.2212453270876722e-15,4.107825191113079e-15,2.220446049250313e-16
DUAL3,daqp,low_accuracy,0.0018762449999485398,True,0.0009261330035937771,4.690692279041286e-15,8.326672684688674e-17
DUAL3,daqp,mid_accuracy,0.0022372319999703905,True,1.2212453270876722e-15,4.107825191113079e-15,2.220446049250313e-16
DUAL3,ecos,default,0.038136922999910894,True,6.106226635438361e-15,2.887278601726445e-05,3.9660953105036256e-08
DUAL3,ecos,high_accuracy,0.03599470400149585,True,6.106226635438361e-15,2.887278601726445e-05,3.9660953105036256e-08
DUAL3,ecos,low_accuracy,0.03627919899918197,True,6.106226635438361e-15,2.887278601726445e-05,3.9660953105036256e-08
DUAL3,ecos,mid_accuracy,0.03624823599966476,True,6.106226635438361e-15,2.887278601726445e-05,3.9660953105036256e-08
DUAL3,highs,default,0.07090179400074703,True,2.220446049250313e-16,0.04409207545890033,9.120798221126658e-05
DUAL3,highs,high_accuracy,0.07165438999982143,True,2.220446049250313e-16,0.04409207545890033,9.120798221126658e-05
DUAL3,highs,low_accuracy,0.07168543599982513,True,2.220446049250313e-16,0.04409207545890033,9.120798221126658e-05
DUAL3,highs,mid_accuracy,0.07186958399870491,True,2.220446049250313e-16,0.04409207545890033,9.120798221126658e-05
DUAL3,osqp,default,0.009538489999613375,True,6.146292660025999e-09,2.2753850989487567e-07,2.1341679026264627e-07
DUAL3,osqp,high_accuracy,0.011970520999966539,True,8.6237894736193e-10,1.0776879388885163e-11,1.3166539971309132e-10
DUAL3,osqp,low_accuracy,0.0034551499993540347,True,6.146292660025999e-09,2.2753850989487567e-07,2.1341679026264627e-07
DUAL3,osqp,mid_accuracy,0.003993886000898783,True,6.146292660025999e-09,2.2753850989487567e-07,2.1341679026264627e-07
DUAL3,piqp,default,0.0017389879994880175,True,1.1102230246251565e-16,4.031640194040727e-09,6.491322757096185e-10
DUAL3,piqp,high_accuracy,0.004791542998646037,True,2.220446049250313e-16,2.5142984380152077e-10,1.9962698161180015e-11
DUAL3,piqp,low_accuracy,0.002775773999019293,True,7.771561172376096e-16,0.0008318996327005418,4.8558069754567335e-05
DUAL3,piqp,mid_accuracy,0.0036281980010244297,True,0.0,3.422382615521618e-07,3.756385952291552e-09
DUAL3,proxqp,default,0.001918603999001789,True,1.2821166145421709e-06,5.211230750304643e-08,6.7638969147854056e-09
DUAL3,proxqp,high_accuracy,0.002244889001303818,True,1.6959132746228677e-10,5.905276267981208e-13,1.3997664138898358e-11
DUAL3,proxqp,low_accuracy,0.0020189049992040964,True,3.4803217786518805e-05,2.3625458051013126e-07,0.03267848877135894
DUAL3,proxqp,mid_accuracy,0.0021886249996896368,True,5.746612241431445e-08,3.4503598589363804e-10,2.645461377737135e-09
DUAL3,qpalm,default,0.005769891000454663,True,3.2930983943502845e-05,7.643220084618818e-11,1.084990932501026e-05
DUAL3,qpalm,high_accuracy,0.014755095000509755,True,2.676912628133676e-10,6.59472476627343e-14,1.7793793036778062e-11
DUAL3,qpalm,low_accuracy,0.0021976150001137285,True,0.000775836940532007,3.4795364367568027e-09,9.169652020996066e-05
DUAL3,qpalm,mid_accuracy,0.0038667520002491074,True,7.630173695948568e-07,2.2807849359152144e-12,8.839668522046872e-08
DUAL3,qpoases,default,0.04461067600095703,True,2.220446049250313e-16,2.7755575615628914e-15,5.551115123125783e-17
DUAL3,qpoases,high_accuracy,0.09247863800010236,True,0.0,1.4710455076283324e-15,1.3877787807814457e-16
DUAL3,qpoases,low_accuracy,0.008892651001588092,True,1.4432899320127035e-15,3.885780586188048e-15,2.1649348980190553e-15
DUAL3,qpoases,mid_accuracy,0.04557401499914704,True,2.220446049250313e-16,2.7755575615628914e-15,5.551115123125783e-17
DUAL3,quadprog,default,0.0035921540002163965,True,9.992007221626409e-16,1.9623191960249642e-14,8.326672684688674e-17
DUAL3,quadprog,high_accuracy,0.0036108990007051034,True,9.992007221626409e-16,1.9623191960249642e-14,8.326672684688674e-17
DUAL3,quadprog,low_accuracy,0.0036625350003305357,True,9.992007221626409e-16,1.9623191960249642e-14,8.326672684688674e-17
DUAL3,quadprog,mid_accuracy,0.003638731999672018,True,9.992007221626409e-16,1.9623191960249642e-14,8.326672684688674e-17
DUAL3,scs,default,0.008071235999523196,True,1.061760102372958e-06,2.386525200209766e-06,3.024359862790148e-07
DUAL3,scs,high_accuracy,0.010367711000071722,True,1.1247809917254781e-11,2.695704770516727e-11,1.5896602203001422e-12
DUAL3,scs,low_accuracy,0.0035460769995552255,True,1.061760102372958e-06,2.386525200209766e-06,3.024359862790148e-07
DUAL3,scs,mid_accuracy,0.004154556001594756,True,3.40426237169094e-09,8.155538522292005e-09,4.725257959101666e-10
DUAL4,clarabel,default,0.006305177999820444,True,0.0,4.652249356693235e-12,6.202260927068437e-10
DUAL4,clarabel,high_accuracy,0.0059724099992308766,True,0.0,4.652249356693235e-12,6.202260927068437e-10
DUAL4,clarabel,low_accuracy,0.004280814999219729,True,3.3306690738754696e-16,3.1301662108650097e-15,0.00016601230729529348
DUAL4,clarabel,mid_accuracy,0.0062851700004102895,True,0.0,2.2580107031465102e-15,6.950495725632777e-07
DUAL4,cvxopt,default,0.005609400999674108,True,4.440892098500626e-16,1.8041124150158794e-15,3.078891083196922e-07
DUAL4,cvxopt,high_accuracy,0.013452623001285247,True,4.440892098500626e-16,1.8041124150158794e-15,3.078891083196922e-07
DUAL4,cvxopt,low_accuracy,0.007814874999894528,True,4.440892098500626e-16,1.8041124150158794e-15,3.078891083196922e-07
DUAL4,cvxopt,mid_accuracy,0.007896559000073466,True,4.440892098500626e-16,1.8041124150158794e-15,3.078891083196922e-07
DUAL4,daqp,default,0.0005219480008236133,True,4.440892098500626e-16,4.440892098500626e-15,2.220446049250313e-16
DUAL4,daqp,high_accuracy,0.0003984670001955237,True,4.440892098500626e-16,4.440892098500626e-15,2.220446049250313e-16
DUAL4,daqp,low_accuracy,0.0004755589998239884,True,0.0009921192660693866,5.218048215738236e-15,7.771561172376096e-16
DUAL4,daqp,mid_accuracy,0.00040429100045002997,True,4.440892098500626e-16,4.440892098500626e-15,2.220446049250313e-16
DUAL4,ecos,default,0.014042278000488295,True,4.440892098500626e-15,6.714295480711326e-06,4.166935285709883e-08
DUAL4,ecos,high_accuracy,0.014020331000210717,True,4.440892098500626e-15,6.714295480711326e-06,4.166935285709883e-08
DUAL4,ecos,low_accuracy,0.014284229000622872,True,4.440892098500626e-15,6.714295480711326e-06,4.166935285709883e-08
DUAL4,ecos,mid_accuracy,0.014103401999818743,True,4.440892098500626e-15,6.714295480711326e-06,4.166935285709883e-08
DUAL4,highs,default,0.02338695799880952,True,0.0,4.161916700162749e-09,2.081014915944479e-09
DUAL4,highs,high_accuracy,0.023337251999691944,True,0.0,4.161916700162749e-09,2.081014915944479e-09
DUAL4,highs,low_accuracy,0.023425413000950357,True,0.0,4.161916700162749e-09,2.081014915944479e-09
DUAL4,highs,mid_accuracy,0.02106639600060589,True,0.0,4.161916700162749e-09,2.081014915944479e-09
DUAL4,osqp,default,0.00213797000105842,True,4.8762909480469925e-06,2.439898170170096e-07,1.9898394474346186e-06
DUAL4,osqp,high_accuracy,0.00406720499995572,True,3.0984150332345304e-10,3.855427088694796e-11,8.257272502691499e-11
DUAL4,osqp,low_accuracy,0.002144137999493978,True,4.8762909480469925e-06,2.439898170170096e-07,1.9898394474346186e-06
DUAL4,osqp,mid_accuracy,0.0029721589999098796,True,1.8804743032513501e-07,2.0215417562141624e-08,6.336213009686946e-08
DUAL4,piqp,default,0.000991816001260304,True,1.1102230246251565e-16,1.5712346766669983e-09,9.850031901237344e-11
DUAL4,piqp,high_accuracy,0.001026304998958949,True,2.220446049250313e-16,5.3162495051680396e-11,1.1539103006441565e-11
DUAL4,piqp,low_accuracy,0.0008745499999349704,True,4.440892098500626e-16,9.495803631173055e-05,7.203969902280782e-06
DUAL4,piqp,mid_accuracy,0.0007682619998377049,True,3.3306690738754696e-16,2.5770983981586795e-07,6.790992612693003e-08
DUAL4,proxqp,default,0.0010616780000418657,True,8.560620556170426e-06,3.389149000332381e-08,0.002636994921025278
DUAL4,proxqp,high_accuracy,0.0014339900008053519,True,1.4276820527751148e-10,4.3587355946783646e-13,1.8700818671391062e-10
DUAL4,proxqp,low_accuracy,0.0011710740000125952,True,0.0001605501635889312,8.034104292953259e-07,0.00032939637408602174
DUAL4,proxqp,mid_accuracy,0.0008226989994000178,True,5.396665895676427e-07,4.121252273374997e-09,8.694145848148586e-07
DUAL4,qpalm,default,0.0012448260004020995,True,0.00019607266841554648,2.7590990603343357e-10,0.00037096247260770543
DUAL4,qpalm,high_accuracy,0.0018080480003845878,True,3.6204499911122676e-10,1.687538997430238e-14,1.7953560860206608e-10
DUAL4,qpalm,low_accuracy,0.0013337140007934067,True,0.00019607266841554648,2.7590990603343357e-10,0.00037096247260770543
DUAL4,qpalm,mid_accuracy,0.001560841999889817,True,5.948457377897032e-07,3.2443492337108637e-13,4.093669784266396e-07
DUAL4,qpoases,default,0.005830046999108163,True,2.220446049250313e-16,1.3322676295501878e-15,4.440892098500626e-16
DUAL4,qpoases,high_accuracy,0.009198346999255591,True,0.0,1.887379141862766e-15,0.0
DUAL4,qpoases,low_accuracy,0.0015661639990867116,True,5.505405159533794e-13,5.218048215738236e-15,1.9817480989559044e-13
DUAL4,qpoases,mid_accuracy,0.005036399999880814,True,2.220446049250313e-16,1.3322676295501878e-15,4.440892098500626e-16
DUAL4,quadprog,default,0.0006976350014156196,True,4.440892098500626e-16,1.8207657603852567e-14,5.551115123125783e-16
DUAL4,quadprog,high_accuracy,0.0007683469993935432,True,4.440892098500626e-16,1.8207657603852567e-14,5.551115123125783e-16
DUAL4,quadprog,low_accuracy,0.0007655640001758002,True,4.440892098500626e-16,1.8207657603852567e-14,5.551115123125783e-16
DUAL4,quadprog,mid_accuracy,0.0007169339987740386,True,4.440892098500626e-16,1.8207657603852567e-14,5.551115123125783e-16
DUAL4,scs,default,0.005660601000272436,True,7.499356007900331e-06,3.966758251217062e-05,4.465315813346041e-06
DUAL4,scs,high_accuracy,0.007507501999498345,True,4.911500300928158e-11,3.2794211790587724e-11,7.0158515745816945e-12
DUAL4,scs,low_accuracy,0.002494677999493433,True,7.499356007900331e-06,3.966758251217062e-05,4.465315813346041e-06
DUAL4,scs,mid_accuracy,0.0029879230005462887,True,1.0552825762312177e-07,1.1245308118024155e-07,3.98576474923929e-08
DUALC1,clarabel,default,0.004455372001757496,True,2.220446049250313e-16,5.214970896631872e-06,2.853400411983433e-06
DUALC1,clarabel,high_accuracy,0.003875553000398213,True,1.1102230246251565e-16,5.380869485845245e-10,3.0651857849637406e-10
DUALC1,clarabel,low_accuracy,0.004140936000112561,True,4.440892098500626e-16,0.0005005771681364772,0.0002847887714145188
DUALC1,clarabel,mid_accuracy,0.004369034000774263,True,0.0,5.435462918386695e-08,2.859261940406036e-08
DUALC1,cvxopt,default,0.017170486000395613,True,0.0,4.833564162254333e-07,0.001162817195151098
DUALC1,cvxopt,high_accuracy,0.013253376999273314,True,0.0,4.833564162254333e-07,0.001162817195151098
DUALC1,cvxopt,low_accuracy,0.011554512000657269,True,0.0,4.833564162254333e-07,0.001162817195151098
DUALC1,cvxopt,mid_accuracy,0.025588931999664055,True,0.0,4.833564162254333e-07,0.001162817195151098
DUALC1,daqp,default,0.0002214659998571733,True,1.4135147241181264e-14,9.313225746154785e-10,2.1846062736585736e-09
DUALC1,daqp,high_accuracy,0.00020536499869194813,True,1.4135147241181264e-14,9.313225746154785e-10,2.1846062736585736e-09
DUALC1,daqp,low_accuracy,0.0002062620005744975,True,1.4135147241181264e-14,9.313225746154785e-10,2.1846062736585736e-09
DUALC1,daqp,mid_accuracy,0.00018792099945130758,True,1.4135147241181264e-14,9.313225746154785e-10,2.1846062736585736e-09
DUALC1,ecos,default,0.00625358899924322,True,3.3168134905281477e-11,1.3247657055035233,0.11358439612924731
DUALC1,ecos,high_accuracy,0.007533729998613126,True,1.0505374348213081e-11,0.3102239132858813,0.02706611998170055
DUALC1,ecos,low_accuracy,0.0033213169990631286,False,inf,inf,inf
DUALC1,ecos,mid_accuracy,0.00563099700048042,True,1.1107811781485566e-08,204.35697387205437,17.746326436845926
DUALC1,highs,default,0.003314849000162212,True,1.1102230246251565e-16,5.3871190175414085e-08,4.1947714635170996e-08
DUALC1,highs,high_accuracy,0.0024313049998454517,True,1.1102230246251565e-16,5.3871190175414085e-08,4.1947714635170996e-08
DUALC1,highs,low_accuracy,0.0030263999997259816,True,1.1102230246251565e-16,5.3871190175414085e-08,4.1947714635170996e-08
DUALC1,highs,mid_accuracy,0.0024817859994072933,True,1.1102230246251565e-16,5.3871190175414085e-08,4.1947714635170996e-08
DUALC1,osqp,default,0.0021685250012524193,True,3.2817127158133884e-05,911.42157331419,376.9019667255535
DUALC1,osqp,high_accuracy,0.02325560399913229,False,inf,inf,inf
DUALC1,osqp,low_accuracy,0.008431804000792908,True,4.662660230085439e-10,0.0008315506947838003,0.0012944458940182813
DUALC1,osqp,mid_accuracy,0.009842900000876398,True,4.5001404519752526e-13,7.175154906359185e-07,1.3549306459026411e-06
DUALC1,piqp,default,0.00035471099909045734,True,2.220446049250313e-16,3.003515303134918e-07,2.876401554534279e-06
DUALC1,piqp,high_accuracy,0.0004226499986543786,True,0.0,1.1641532182693481e-10,2.897320619506953e-10
DUALC1,piqp,low_accuracy,0.0003633519991126377,True,5.662137425588298e-15,2.9490794986486435e-05,0.0002880226945924029
DUALC1,piqp,mid_accuracy,0.0004118529996048892,True,1.1102230246251565e-16,3.725290298461914e-09,2.870946748801374e-08
DUALC1,proxqp,default,0.0013406940015556756,True,1.3146716219685054e-07,7.607508450746536e-06,0.12224282668103115
DUALC1,proxqp,high_accuracy,0.0021048609996796586,True,3.321258593201004e-18,1.7462298274040222e-10,3.637978807091713e-12
DUALC1,proxqp,low_accuracy,0.0018708820007304894,True,7.796759766324772e-11,5.587935447692871e-09,8.006207099242602e-05
DUALC1,proxqp,mid_accuracy,0.000791307000326924,True,4.9888285476779764e-14,4.656612873077393e-10,5.276706360746175e-08
DUALC1,qpalm,default,0.0023630020004929975,True,2.9064506541912414e-05,3.272041527067877,18.10673671810146
DUALC1,qpalm,high_accuracy,0.25077570299981744,False,inf,inf,inf
DUALC1,qpalm,low_accuracy,0.0021020780004619155,True,3.5410380272490278e-09,2.265221751424563e-08,0.0005343864442733289
DUALC1,qpalm,mid_accuracy,0.0020225960015523015,True,3.3775339690961444e-09,1.1874362826347351e-08,0.0005252215934928214
DUALC1,qpoases,default,0.000360783000360243,True,3.531918934152517,50890936.9739216,3.637978807091713e-12
DUALC1,qpoases,high_accuracy,0.0003367509998497553,True,3.531918934152517,50890936.9739216,3.637978807091713e-12
DUALC1,qpoases,low_accuracy,0.0011727279998012818,True,3.531918934149816,50890936.97392115,1.4963006833568215e-08
DUALC1,qpoases,mid_accuracy,0.0003890709995175712,True,3.531918934152517,50890936.9739216,3.637978807091713e-12
DUALC1,quadprog,default,0.000272016000963049,True,0.0,7.159542292356491e-09,1.3878889149054885e-09
DUALC1,quadprog,high_accuracy,0.00022074300068197772,True,0.0,7.159542292356491e-09,1.3878889149054885e-09
DUALC1,quadprog,low_accuracy,0.00025907400049618445,True,0.0,7.159542292356491e-09,1.3878889149054885e-09
DUALC1,quadprog,mid_accuracy,0.00028996199944231194,True,0.0,7.159542292356491e-09,1.3878889149054885e-09
DUALC1,scs,default,0.0035097510008199606,True,6.756089263512797e-07,0.014550868654623628,0.33076489541588505
DUALC1,scs,high_accuracy,0.010031752999566379,True,1.887379141862766e-15,4.656612873077393e-10,3.4378899727016687e-10
DUALC1,scs,low_accuracy,0.0045961699997860705,True,2.8835931500464094e-12,2.8777867555618286e-07,4.216017259750515e-07
DUALC1,scs,mid_accuracy,0.00396331500087399,True,2.8835931500464094e-12,2.8777867555618286e-07,4.216017259750515e-07
DUALC5,clarabel,default,0.003647159999673022,True,1.1102230246251565e-16,3.573040885385126e-08,3.940240276278928e-07
DUALC5,clarabel,high_accuracy,0.004539646000921493,True,4.440892098500626e-16,5.687094649170528e-12,3.9108272176235914e-11
DUALC5,clarabel,low_accuracy,0.0035408860003371956,True,5.551115123125783e-16,3.5719176594284363e-06,3.9391051132042776e-05
DUALC5,clarabel,mid_accuracy,0.004076356999576092,True,1.1102230246251565e-16,3.573040885385126e-08,3.940240276278928e-07
DUALC5,cvxopt,default,0.008083615999566973,True,0.0,2.1680853024008684e-06,5.960968328646931e-07
DUALC5,cvxopt,high_accuracy,0.00801570000112406,True,0.0,2.168098944821395e-08,5.960748913050157e-09
DUALC5,cvxopt,low_accuracy,0.006211252000866807,True,1.1102230246251565e-16,0.00021680852159988717,5.961034607808624e-05
DUALC5,cvxopt,mid_accuracy,0.006143475000499166,True,1.1102230246251565e-16,0.00021680852159988717,5.961034607808624e-05
DUALC5,daqp,default,0.00018834599904948846,True,7.549516567451064e-15,6.821210263296962e-13,3.637978807091713e-12
DUALC5,daqp,high_accuracy,0.0001813159997254843,True,7.549516567451064e-15,6.821210263296962e-13,3.637978807091713e-12
DUALC5,daqp,low_accuracy,0.00020390799909364432,True,7.549516567451064e-15,6.821210263296962e-13,3.637978807091713e-12
DUALC5,daqp,mid_accuracy,0.00020389500059536658,True,7.549516567451064e-15,6.821210263296962e-13,3.637978807091713e-12
DUALC5,ecos,default,0.006585541999811539,True,2.35054118480606e-11,0.007107770394298996,0.0009282759410211838
DUALC5,ecos,high_accuracy,0.004970050000338233,True,2.35054118480606e-11,0.007107770394298996,0.0009282759410211838
DUALC5,ecos,low_accuracy,0.005787645999589586,True,2.35054118480606e-11,0.007107770394298996,0.0009282759410211838
DUALC5,ecos,mid_accuracy,0.006307962999926531,True,2.35054118480606e-11,0.007107770394298996,0.0009282759410211838
DUALC5,highs,default,0.0024690150003152667,True,0.0,4.2164913338638144e-08,2.6967256872012513e-08
DUALC5,highs,high_accuracy,0.0027658500002871733,True,0.0,4.2164913338638144e-08,2.6967256872012513e-08
DUALC5,highs,low_accuracy,0.0023601140001119347,True,0.0,4.2164913338638144e-08,2.6967256872012513e-08
DUALC5,highs,mid_accuracy,0.0028534920002130093,True,0.0,4.2164913338638144e-08,2.6967256872012513e-08
DUALC5,osqp,default,0.0024267729986604536,True,5.569116991993667e-05,0.01883619953832749,0.11333941506291012
DUALC5,osqp,high_accuracy,0.0034339420017204247,True,4.6716770553350196e-14,4.4150283429189585e-10,6.66773303237278e-11
DUALC5,osqp,low_accuracy,0.003159118999974453,True,2.99032017346628e-05,0.0003012083161593182,0.053030250068388796
DUALC5,osqp,mid_accuracy,0.0026356640009908006,True,7.378964738840924e-10,4.7663343138992786e-07,6.455402967731061e-07
DUALC5,piqp,default,0.00042172299981757533,True,2.220446049250313e-16,7.889360631452291e-08,5.4665292736899573e-08
DUALC5,piqp,high_accuracy,0.00043672099855029956,True,3.3306690738754696e-16,7.898393050709274e-10,5.461515684146434e-10
DUALC5,piqp,low_accuracy,0.0003409429991734214,True,4.731770530952417e-13,0.0007886301776522942,0.0005486311099502927
DUALC5,piqp,mid_accuracy,0.0004673589992307825,True,2.220446049250313e-16,7.889360631452291e-08,5.4665292736899573e-08
DUALC5,proxqp,default,0.0008506600006512599,True,3.4987205442188996e-06,7.826808143818198e-07,0.0034745673974612146
DUALC5,proxqp,high_accuracy,0.0011957400001847418,True,1.4791039880846496e-13,6.821210263296962e-13,1.4637180356658064e-10
DUALC5,proxqp,low_accuracy,0.0008794870009296574,True,4.185127746324882e-07,9.41053315273166e-08,0.00041392644430970904
DUALC5,proxqp,mid_accuracy,0.0005138799988344545,True,7.188608839861522e-10,1.6154899640241638e-10,7.105292638698302e-07
DUALC5,qpalm,default,0.0014834939993306762,True,0.02577755197161538,0.001499137324003641,33.71786610622581
DUALC5,qpalm,high_accuracy,0.0024475350001011975,True,6.599967966455562e-12,2.6710722522693686e-10,5.521883394976612e-09
DUALC5,qpalm,low_accuracy,0.0014978640010667732,True,0.0004881111785335944,0.00013698217048840888,0.6379989195615394
DUALC5,qpalm,mid_accuracy,0.0018818959997588536,True,1.10916508875495e-07,2.2383915165846702e-07,2.021672372620742e-05
DUALC5,qpoases,default,0.0003994719991169404,False,inf,inf,inf
DUALC5,qpoases,high_accuracy,0.0004972970000380883,False,inf,inf,inf
DUALC5,qpoases,low_accuracy,0.0012221549986861646,False,inf,inf,inf
DUALC5,qpoases,mid_accuracy,0.00037609900027746335,False,inf,inf,inf
DUALC5,quadprog,default,0.00021809999998367857,True,3.3519342338664487e-17,9.72022462519817e-12,5.684341886080801e-13
DUALC5,quadprog,high_accuracy,0.0002438119990983978,True,3.3519342338664487e-17,9.72022462519817e-12,5.684341886080801e-13
DUALC5,quadprog,low_accuracy,0.00023051000061968807,True,3.3519342338664487e-17,9.72022462519817e-12,5.684341886080801e-13
DUALC5,quadprog,mid_accuracy,0.00019764600074267946,True,3.3519342338664487e-17,9.72022462519817e-12,5.684341886080801e-13
DUALC5,scs,default,0.002583325998784858,True,5.0417417407453364e-05,0.038539114181190826,0.013667824478886814
DUALC5,scs,high_accuracy,0.00658203999955731,True,4.5773507085707677e-14,3.183231456205249e-12,5.6843418860808015e-12
DUALC5,scs,low_accuracy,0.0030292900009953883,True,1.729756190309869e-07,0.00013258806993121652,4.703228717062302e-05
DUALC5,scs,mid_accuracy,0.006269857000006596,True,2.7185888849980812e-11,2.205524651799351e-11,9.278267043555388e-09
HS118,clarabel,default,0.0017542730001878226,True,0.0,2.7781829640716194e-08,1.1852799111946168e-06
HS118,clarabel,high_accuracy,0.0019048030007979833,True,0.0,2.783298996126193e-12,1.1889972743380363e-10
HS118,clarabel,low_accuracy,0.0017722030006552814,True,0.0,2.7781755099484964e-06,0.00011862535899949259
HS118,clarabel,mid_accuracy,0.00175972999932128,True,0.0,2.7804256055377967e-10,1.1871153102489375e-08
HS118,cvxopt,default,0.00460119900162681,True,0.0,1.9687439378858634e-13,0.00023458764319755847
HS118,cvxopt,high_accuracy,0.004666001999794389,True,0.0,1.9687439378858634e-13,0.00023458764319755847
HS118,cvxopt,low_accuracy,0.004963771998518496,True,0.0,1.9687439378858634e-13,0.00023458764319755847
HS118,cvxopt,mid_accuracy,0.004757835000418709,True,0.0,1.9687439378858634e-13,0.00023458764319755847
HS118,daqp,default,0.0001916269993671449,True,4.036770917537069e-12,4.440892098500626e-16,2.998135073539743e-11
HS118,daqp,high_accuracy,0.00019753199921979103,True,4.036770917537069e-12,4.440892098500626e-16,2.998135073539743e-11
HS118,daqp,low_accuracy,0.0001633219999348512,True,4.036770917537069e-12,4.440892098500626e-16,2.998135073539743e-11
HS118,daqp,mid_accuracy,0.00016824400154291652,True,4.036770917537069e-12,4.440892098500626e-16,2.998135073539743e-11
HS118,ecos,default,0.0008044129990594229,True,0.0,1.0255076091059116e-07,1.9649755909343306e-05
HS118,ecos,high_accuracy,0.0008668640002724715,True,0.0,1.0255076091059116e-07,1.9649755909343306e-05
HS118,ecos,low_accuracy,0.000881789001141442,True,0.0,1.0255076091059116e-07,1.9649755909343306e-05
HS118,ecos,mid_accuracy,0.0008640040014142869,True,0.0,1.0255076091059116e-07,1.9649755909343306e-05
HS118,highs,default,0.0012086710012226831,True,0.0,7.69999999983284e-06,0.002094800000083552
HS118,highs,high_accuracy,0.0010143930012418423,True,0.0,7.69999999983284e-06,0.002094800000083552
HS118,highs,low_accuracy,0.00122232500143582,True,0.0,7.69999999983284e-06,0.002094800000083552
HS118,highs,mid_accuracy,0.0010219509986200137,True,0.0,7.69999999983284e-06,0.002094800000083552
HS118,osqp,default,0.001027406000503106,True,0.028173440081175727,0.002979094709329555,0.11040440627599256
HS118,osqp,high_accuracy,0.0024241200007963926,True,2.906404006353114e-10,7.30571159124338e-11,2.8610537836899915e-09
HS118,osqp,low_accuracy,0.0012073800007783575,True,0.0008859638433014183,0.00024035266484778717,0.02578275047207799
HS118,osqp,mid_accuracy,0.001667153999733273,True,1.8240408561354116e-07,5.02202235352911e-09,6.894578243330758e-07
HS118,piqp,default,0.0002126239996869117,True,0.0,1.0553469625765251e-10,3.296431233763555e-08
HS118,piqp,high_accuracy,0.0002611740001157159,True,0.0,1.3649851403769162e-12,3.584039547562286e-10
HS118,piqp,low_accuracy,0.00022648000049230177,True,0.0,1.0479605786644236e-06,0.00033030690804994545
HS118,piqp,mid_accuracy,0.00023242700081027579,True,0.0,1.0553469625765251e-10,3.296431233763555e-08
HS118,proxqp,default,0.001147994998973445,True,4.553088546188633e-07,3.4897675860179334e-09,1.5474427392803136e-06
HS118,proxqp,high_accuracy,0.0011528700015333015,True,2.0605739337042905e-13,1.3322676295501878e-15,7.531752999057062e-13
HS118,proxqp,low_accuracy,0.0011392510004952783,True,0.0005612082874080215,6.03292283158796e-06,0.0006736064115079693
HS118,proxqp,mid_accuracy,0.0006317420011328068,True,1.2877876542916056e-10,3.2893687773594138e-12,1.176513109157895e-09
HS118,qpalm,default,0.0010173520004173042,True,3.433295402732739e-05,4.875236936374705e-09,1.3270468101159243e-05
HS118,qpalm,high_accuracy,0.0011553920012374874,True,3.0304470044484333e-10,5.289449434009441e-14,8.069887265509906e-11
HS118,qpalm,low_accuracy,0.0010289279998687562,True,3.433295402732739e-05,4.875236936374705e-09,1.3270468101159243e-05
HS118,qpalm,mid_accuracy,0.001171293000879814,True,1.1515503217651712e-07,1.3426199735322442e-11,3.150204972719866e-08
HS118,qpoases,default,0.00033779099976527505,False,inf,inf,inf
HS118,qpoases,high_accuracy,0.00039487699905293994,False,inf,inf,inf
HS118,qpoases,low_accuracy,0.0003760330000659451,False,inf,inf,inf
HS118,qpoases,mid_accuracy,0.0002716050003073178,False,inf,inf,inf
HS118,quadprog,default,0.0004324369983805809,True,1.2058310082691648e-15,8.881784197001252e-16,5.808331593470939e-11
HS118,quadprog,high_accuracy,0.0004128620003029937,True,1.2058310082691648e-15,8.881784197001252e-16,5.808331593470939e-11
HS118,quadprog,low_accuracy,0.0004504309999902034,True,1.2058310082691648e-15,8.881784197001252e-16,5.808331593470939e-11
HS118,quadprog,mid_accuracy,0.00023303400121221785,True,1.2058310082691648e-15,8.881784197001252e-16,5.808331593470939e-11
HS118,scs,default,0.004497406998780207,True,0.00018561880942513653,3.386107709157926e-05,0.00052921280097493
HS118,scs,high_accuracy,0.0043803789994854014,True,5.502878153151869e-10,2.9831248582468106e-11,9.48367332838279e-10
HS118,scs,low_accuracy,0.0042294409995520255,True,0.00018561880942513653,3.386107709157926e-05,0.00052921280097493
HS118,scs,mid_accuracy,0.004008749001513934,True,3.3795426368499193e-07,2.5792056046469725e-08,1.3441062068535884e-07
HS21,clarabel,default,0.0020135639988438925,True,0.0,4.1628506197710635e-13,3.4359151079854655e-09
HS21,clarabel,high_accuracy,0.0016774790001363726,True,0.0,6.369904603786836e-15,3.4363498158107575e-11
HS21,clarabel,low_accuracy,0.0017086449988710228,True,0.0,2.2025219842403132e-10,3.428567109874103e-05
HS21,clarabel,mid_accuracy,0.0017548200012242887,True,0.0,1.9690485353329734e-11,3.435482821695368e-07
HS21,cvxopt,default,0.0013892240003769984,True,0.0,1.245413855377464e-09,9.907786349027408e-11
HS21,cvxopt,high_accuracy,0.0017717689988785423,True,0.0,1.2454128006655907e-11,9.907665612272145e-13
HS21,cvxopt,low_accuracy,0.0014198249991750345,True,0.0,1.245413855377464e-09,9.907786349027408e-11
HS21,cvxopt,mid_accuracy,0.0016277739996439777,True,0.0,1.245413855377464e-09,9.907786349027408e-11
HS21,daqp,default,0.0001658469991525635,True,0.0,0.0,0.0
HS21,daqp,high_accuracy,0.00011876899952767417,True,0.0,0.0,0.0
HS21,daqp,low_accuracy,0.00010573000145086553,True,0.0,0.0,0.0
HS21,daqp,mid_accuracy,0.00010945900066872127,True,0.0,0.0,0.0
HS21,ecos,default,0.0007955940000101691,True,0.0,9.524944580820475e-06,1.0279969929834413e-06
HS21,ecos,high_accuracy,0.0006432659993151901,True,0.0,9.524944580820475e-06,1.0279969929834413e-06
HS21,ecos,low_accuracy,0.0006468310002674116,True,0.0,9.524944580820475e-06,1.0279969929834413e-06
HS21,ecos,mid_accuracy,0.0005690090001735371,True,0.0,9.524944580820475e-06,1.0279969929834413e-06
HS21,highs,default,0.0009318209995399229,True,0.0,1.9999999999881224e-07,3.999999999976245e-07
HS21,highs,high_accuracy,0.0008258279995061457,True,0.0,1.9999999999881224e-07,3.999999999976245e-07
HS21,highs,low_accuracy,0.000720330999683938,True,0.0,1.9999999999881224e-07,3.999999999976245e-07
HS21,highs,mid_accuracy,0.0007939709994388977,True,0.0,1.9999999999881224e-07,3.999999999976245e-07
HS21,osqp,default,0.0008490909985994222,True,0.00010554225913139703,7.723176476563676e-06,1.1224885691760167e-05
HS21,osqp,high_accuracy,0.0010562810002738843,True,0.0,5.4306295571571184e-11,1.0023698537864334e-10
HS21,osqp,low_accuracy,0.0008728240009077126,True,0.00010554225913139703,7.723176476563676e-06,1.1224885691760167e-05
HS21,osqp,mid_accuracy,0.0009117890003835782,True,4.505149671096831e-07,4.0756819902343366e-07,8.331569920222437e-07
HS21,piqp,default,0.00016855499961820897,True,0.0,8.680087244692026e-11,6.895649620752842e-09
HS21,piqp,high_accuracy,0.00018364899915468413,True,0.0,8.680086773489127e-13,6.895946313978385e-11
HS21,piqp,low_accuracy,0.0002316430000064429,True,0.0,8.680007683853194e-07,6.895270323016567e-05
HS21,piqp,mid_accuracy,0.0002747939997789217,True,0.0,8.680087715877593e-09,6.895356311625855e-07
HS21,proxqp,default,0.00023293300000659656,True,0.0,4.0385453245472824e-09,3.268094794783849e-09
HS21,proxqp,high_accuracy,0.00021080500118841883,True,0.0,1.2016082573396147e-12,5.003664149683118e-12
HS21,proxqp,low_accuracy,0.0002144290010619443,True,0.0004037343076179756,1.999596265149506e-05,5.6138041975475894e-05
HS21,proxqp,mid_accuracy,0.00022428199918067548,True,0.0,4.0385453245472824e-09,3.268094794783849e-09
HS21,qpalm,default,0.0009348349994979799,True,0.0,1.98996547343816e-06,5.97203970573168e-06
HS21,qpalm,high_accuracy,0.0008438019995082868,True,0.0,9.024725411421741e-14,1.7716383915455935e-13
HS21,qpalm,low_accuracy,0.001036157000271487,True,0.0,1.98996547343816e-06,5.97203970573168e-06
HS21,qpalm,mid_accuracy,0.000773044001107337,True,1.2434473450895211e-09,4.973834538679611e-11,4.973965683774395e-11
HS21,qpoases,default,0.0002347110003029229,True,0.0,1.1102230246251565e-16,6.938893903907228e-17
HS21,qpoases,high_accuracy,0.0002587830003903946,True,0.0,1.1102230246251565e-16,6.938893903907228e-17
HS21,qpoases,low_accuracy,0.00037090400110173505,True,0.0,2.5587171270657905e-17,1.3877787807814457e-17
HS21,qpoases,mid_accuracy,0.00028226699942024425,True,0.0,1.1102230246251565e-16,6.938893903907228e-17
HS21,quadprog,default,0.0001311369996983558,True,0.0,6.938893903907228e-18,1.3877787807814457e-17
HS21,quadprog,high_accuracy,0.0001250850000360515,True,0.0,6.938893903907228e-18,1.3877787807814457e-17
HS21,quadprog,low_accuracy,0.00012596600026881788,True,0.0,6.938893903907228e-18,1.3877787807814457e-17
HS21,quadprog,mid_accuracy,0.00012664799942285754,True,0.0,6.938893903907228e-18,1.3877787807814457e-17
HS21,scs,default,0.0011622729998634895,True,0.0,2.3089466356110422e-05,8.429266736086072e-05
HS21,scs,high_accuracy,0.0015811749999556923,True,4.884981308350689e-15,2.7755575615628914e-17,1.3877787807814457e-16
HS21,scs,low_accuracy,0.0012258249989827164,True,0.0,2.3089466356110422e-05,8.429266736086072e-05
HS21,scs,mid_accuracy,0.001362547000098857,True,0.0,5.468926700391563e-11,4.09355202513062e-10
HS268,clarabel,default,0.0018567469996924046,True,0.0,1.115241376309882e-08,3.0314755951595627e-05
HS268,clarabel,high_accuracy,0.001553145000798395,True,0.0,8.106149805859779e-11,1.5369584094878368e-10
HS268,clarabel,low_accuracy,0.0015672009994887048,True,0.0,1.6426334819696214e-07,0.0008503917155170265
HS268,clarabel,mid_accuracy,0.0015141029998630984,True,0.0,4.514291687514262e-07,7.858757074740916e-07
HS268,cvxopt,default,0.005189655001231586,True,0.0,7.662634415884305e-12,0.006534371933345912
HS268,cvxopt,high_accuracy,0.005854562999957125,True,0.0,7.662634415884305e-12,0.006534371933345912
HS268,cvxopt,low_accuracy,0.0060600140004680725,True,0.0,7.662634415884305e-12,0.006534371933345912
HS268,cvxopt,mid_accuracy,0.004484753000724595,True,0.0,7.662634415884305e-12,0.006534371933345912
HS268,daqp,default,0.00013327200031199027,True,0.0,7.275957614183426e-12,2.546585164964199e-11
HS268,daqp,high_accuracy,0.00016189499910979066,True,0.0,7.275957614183426e-12,2.546585164964199e-11
HS268,daqp,low_accuracy,0.00010738799937826116,True,0.0,7.275957614183426e-12,2.546585164964199e-11
HS268,daqp,mid_accuracy,0.0001350759994238615,True,0.0,7.275957614183426e-12,2.546585164964199e-11
HS268,ecos,default,0.0006780959993193392,False,inf,inf,inf
HS268,ecos,high_accuracy,0.0006514399992738618,False,inf,inf,inf
HS268,ecos,low_accuracy,0.0006656000005023088,False,inf,inf,inf
HS268,ecos,mid_accuracy,0.0007208739989437163,False,inf,inf,inf
HS268,highs,default,0.0010747569995146478,True,0.0,4.0003496337703837e-07,3.100023604929447e-06
HS268,highs,high_accuracy,0.000850144999276381,True,0.0,4.0003496337703837e-07,3.100023604929447e-06
HS268,highs,low_accuracy,0.0009110499995585997,True,0.0,4.0003496337703837e-07,3.100023604929447e-06
HS268,highs,mid_accuracy,0.0011788869996962603,True,0.0,4.0003496337703837e-07,3.100023604929447e-06
HS268,osqp,default,0.0011727480014087632,True,0.0,0.11264317060340574,0.3866786103535565
HS268,osqp,high_accuracy,0.0017673799993644934,True,0.0,3.346940470872426e-10,1.9026629228238307e-09
HS268,osqp,low_accuracy,0.001225586000145995,True,0.0,0.0007924757082946567,0.004618097907950876
HS268,osqp,mid_accuracy,0.0014468839999608463,True,0.0,2.6361885825485476e-07,1.5402292773801237e-06
HS268,piqp,default,0.0001871310014394112,True,0.0,3.1887630575215715e-08,1.280453284012266e-05
HS268,piqp,high_accuracy,0.00015789300050528254,True,0.0,1.870672467870777e-10,3.286542913630199e-10
HS268,piqp,low_accuracy,0.00016248500105575658,True,0.0,9.183522964178754e-07,9.950454782963782e-05
HS268,piqp,mid_accuracy,0.00017717599985189736,True,0.0,3.3807797419319226e-09,2.6471310311587323e-07
HS268,proxqp,default,0.00038027700065867975,True,0.0,1.344233169220388e-06,3.955981810577214e-06
HS268,proxqp,high_accuracy,0.0004060339997522533,True,0.0,1.0913936421275139e-11,2.9103830456733704e-11
HS268,proxqp,low_accuracy,0.0003974819992436096,True,0.0,0.0002965310704894364,0.0008724046056158841
HS268,proxqp,mid_accuracy,0.0002010160005738726,True,0.0,9.048380888998508e-08,2.6631096261553466e-07
HS268,qpalm,default,0.0007485799997084541,True,0.0,2.7459134482532725,6.695864539227777
HS268,qpalm,high_accuracy,0.0007931870004540542,True,0.0,1.4275856466741937e-10,6.021496995955392e-10
HS268,qpalm,low_accuracy,0.0010305790001439163,True,0.0,0.0002873952248752622,0.0025602304904810773
HS268,qpalm,mid_accuracy,0.0007250159997056471,True,0.0,1.4275856466741937e-10,6.021496995955392e-10
HS268,qpoases,default,0.0002692620000743773,True,3.7260861063259654e-11,3.637978807091713e-12,1.4551915228366852e-11
HS268,qpoases,high_accuracy,0.0004132249996473547,True,0.0,2.9103830456733704e-11,3.637978807091713e-11
HS268,qpoases,low_accuracy,0.0002465880006639054,True,0.0,7.275957614183426e-12,1.4551915228366852e-11
HS268,qpoases,mid_accuracy,0.0002761489995464217,True,3.7260861063259654e-11,3.637978807091713e-12,1.4551915228366852e-11
HS268,quadprog,default,0.00023459700059902389,True,0.0,7.275957614183426e-12,2.1827872842550278e-11
HS268,quadprog,high_accuracy,0.00027472800138639286,True,0.0,7.275957614183426e-12,2.1827872842550278e-11
HS268,quadprog,low_accuracy,0.00012706199959211517,True,0.0,7.275957614183426e-12,2.1827872842550278e-11
HS268,quadprog,mid_accuracy,0.00012548899940156844,True,0.0,7.275957614183426e-12,2.1827872842550278e-11
HS268,scs,default,0.0014462790004472481,True,0.0,0.3337330416535505,0.23293948921127594
HS268,scs,high_accuracy,0.0015286439993360545,True,0.0,1.5279510989785194e-10,6.511982064694166e-10
HS268,scs,low_accuracy,0.0016814570008136798,True,0.0,9.930302621796807e-05,0.0003842579462797994
HS268,scs,mid_accuracy,0.0015662069999962114,True,0.0,6.915797712281346e-08,2.6766792871057987e-07
HS35,clarabel,default,0.001505751999502536,True,0.0,1.9092666540749586e-11,1.1625123752523336e-08
HS35,clarabel,high_accuracy,0.0015990179999789689,True,0.0,1.9372874176930442e-13,1.1624556872646963e-10
HS35,clarabel,low_accuracy,0.00152332200013916,True,0.0,1.9009947500573694e-07,0.00011442850505449798
HS35,clarabel,mid_accuracy,0.0020815139996557264,True,0.0,1.9092666540749586e-11,1.1625123752523336e-08
HS35,cvxopt,default,0.0024277949996758252,True,0.0,6.269411453563005e-16,9.682578183678459e-08
HS35,cvxopt,high_accuracy,0.0027262959993095137,True,0.0,6.269411453563005e-16,9.682578183678459e-08
HS35,cvxopt,low_accuracy,0.0027496459988469724,True,0.0,6.269411453563005e-16,9.682578183678459e-08
HS35,cvxopt,mid_accuracy,0.0035579699997470016,True,0.0,6.269411453563005e-16,9.682578183678459e-08
HS35,daqp,default,0.00015675400027248543,True,4.440892098500626e-16,1.27675647831893e-15,3.774758283725532e-15
HS35,daqp,high_accuracy,0.0001526889991509961,True,4.440892098500626e-16,1.27675647831893e-15,3.774758283725532e-15
HS35,daqp,low_accuracy,0.0001502880004409235,True,4.440892098500626e-16,1.27675647831893e-15,3.774758283725532e-15
HS35,daqp,mid_accuracy,0.00016519599921593908,True,4.440892098500626e-16,1.27675647831893e-15,3.774758283725532e-15
HS35,ecos,default,0.0006430630000977544,False,inf,inf,inf
HS35,ecos,high_accuracy,0.0007016349991317838,False,inf,inf,inf
HS35,ecos,low_accuracy,0.001000432001092122,False,inf,inf,inf
HS35,ecos,mid_accuracy,0.0007031099994492251,False,inf,inf,inf
HS35,highs,default,0.0008984230007627048,True,0.0,1.3333332882226046e-07,2.5802468384128474e-07
HS35,highs,high_accuracy,0.000759583999752067,True,0.0,1.3333332882226046e-07,2.5802468384128474e-07
HS35,highs,low_accuracy,0.0008793799988779938,True,0.0,1.3333332882226046e-07,2.5802468384128474e-07
HS35,highs,mid_accuracy,0.0008232580003095791,True,0.0,1.3333332882226046e-07,2.5802468384128474e-07
HS35,osqp,default,0.0012521950011432637,True,8.879634400660308e-06,1.2444852260373729e-06,3.5956396415848246e-07
HS35,osqp,high_accuracy,0.001288593000936089,True,0.0,1.7898349469192e-11,1.7690293674377244e-12
HS35,osqp,low_accuracy,0.0011446870012150612,True,8.879634400660308e-06,1.2444852260373729e-06,3.5956396415848246e-07
HS35,osqp,mid_accuracy,0.001220251999257016,True,0.0,1.7898349469192e-11,1.7690293674377244e-12
HS35,piqp,default,0.0001723120003589429,True,0.0,2.6328144404248764e-11,1.3106737917212286e-09
HS35,piqp,high_accuracy,0.0001841649991547456,True,0.0,2.6340409286300067e-13,1.3105738716490123e-11
HS35,piqp,low_accuracy,0.00014465099957305938,True,0.0,2.632832203379075e-07,1.3104684840392622e-05
HS35,piqp,mid_accuracy,0.0001779629983502673,True,0.0,2.6328272932286373e-09,1.3105489404807713e-07
HS35,proxqp,default,0.00021743300021626055,True,3.277719850203198e-06,9.834993930368796e-11,7.284235121751692e-07
HS35,proxqp,high_accuracy,0.00023012099882180337,True,2.524691566918591e-10,6.5503158452884236e-15,5.6105564638642136e-11
HS35,proxqp,low_accuracy,0.0002574840000306722,True,7.703582218709926e-05,2.3115254432770627e-09,1.711878023946678e-05
HS35,proxqp,mid_accuracy,0.00020036899877595715,True,1.394604107751718e-07,4.183070556607049e-12,3.099305445619649e-08
HS35,qpalm,default,0.0008957779991760617,True,7.699187198895174e-08,2.4636581108516964e-09,1.6614644882118057e-08
HS35,qpalm,high_accuracy,0.0009848459994827863,True,1.9246826354901714e-12,3.960498595745321e-12,5.4287685458120905e-12
HS35,qpalm,low_accuracy,0.0008454320013697725,True,7.699187198895174e-08,2.4636581108516964e-09,1.6614644882118057e-08
HS35,qpalm,mid_accuracy,0.0007036999995762017,True,7.699187198895174e-08,2.4636581108516964e-09,1.6614644882118057e-08
HS35,qpoases,default,0.00037484299900825135,True,8.881784197001252e-16,4.440892098500626e-16,2.220446049250313e-15
HS35,qpoases,high_accuracy,0.0002423919995635515,True,4.440892098500626e-16,5.828670879282072e-16,1.7763568394002505e-15
HS35,qpoases,low_accuracy,0.00026894299844570924,True,0.0,0.0,2.113864638886298e-13
HS35,qpoases,mid_accuracy,0.00024297799973282963,True,8.881784197001252e-16,4.440892098500626e-16,2.220446049250313e-15
HS35,quadprog,default,0.0001726140017126454,True,0.0,8.326672684688674e-16,6.661338147750939e-16
HS35,quadprog,high_accuracy,0.0001852650002547307,True,0.0,8.326672684688674e-16,6.661338147750939e-16
HS35,quadprog,low_accuracy,0.0001634780001040781,True,0.0,8.326672684688674e-16,6.661338147750939e-16
HS35,quadprog,mid_accuracy,0.00021550599922193214,True,0.0,8.326672684688674e-16,6.661338147750939e-16
HS35,scs,default,0.0014868920006847475,True,0.00017377307657540086,5.656614822352468e-06,4.100303285581308e-05
HS35,scs,high_accuracy,0.00142268099989451,True,7.87281351222191e-12,2.547684285758578e-13,1.8611778784816124e-12
HS35,scs,low_accuracy,0.0014950620006857207,True,0.00017377307657540086,5.656614822352468e-06,4.100303285581308e-05
HS35,scs,mid_accuracy,0.0013780419994873228,True,3.698802242269039e-08,1.2032025376029765e-09,8.727366274108306e-09
HS35MOD,clarabel,default,0.0015197239990811795,True,1.5210055437364645e-13,2.918337222120578e-11,3.9520732908471246e-08
HS35MOD,clarabel,high_accuracy,0.004054573000757955,True,1.4654943925052066e-14,2.830582782264387e-12,3.5103059348173815e-10
HS35MOD,clarabel,low_accuracy,0.0017804109993448947,True,8.286771269183646e-11,1.1206319083664561e-08,0.0005501636104470187
HS35MOD,clarabel,mid_accuracy,0.001663413000642322,True,1.6653345369377348e-16,7.105427357601002e-15,9.293186408743104e-07
HS35MOD,cvxopt,default,0.0061324050002440345,True,0.0,3.2612131428688684e-07,2.2329143724575395e-06
HS35MOD,cvxopt,high_accuracy,0.005552872999032843,True,0.0,3.2612131428688684e-07,2.2329143724575395e-06
HS35MOD,cvxopt,low_accuracy,0.007330557999011944,True,0.0,3.2612131428688684e-07,2.2329143724575395e-06
HS35MOD,cvxopt,mid_accuracy,0.007145354999011033,True,0.0,3.2612131428688684e-07,2.2329143724575395e-06
HS35MOD,daqp,default,0.00013037800090387464,True,8.881784197001252e-16,1.3322676295501878e-15,6.661338147750939e-16
HS35MOD,daqp,high_accuracy,0.00013330000001587905,True,8.881784197001252e-16,1.3322676295501878e-15,6.661338147750939e-16
HS35MOD,daqp,low_accuracy,0.0001350209986412665,True,8.881784197001252e-16,1.3322676295501878e-15,6.661338147750939e-16
HS35MOD,daqp,mid_accuracy,0.00010812199980136938,True,8.881784197001252e-16,1.3322676295501878e-15,6.661338147750939e-16
HS35MOD,ecos,default,0.0006577420008397894,False,inf,inf,inf
HS35MOD,ecos,high_accuracy,0.0007153610004024813,False,inf,inf,inf
HS35MOD,ecos,low_accuracy,0.0007593709997308906,False,inf,inf,inf
HS35MOD,ecos,mid_accuracy,0.000667136000629398,False,inf,inf,inf
HS35MOD,highs,default,0.0008731850011827191,True,0.0,1.499999964238441e-07,2.749999890028221e-07
HS35MOD,highs,high_accuracy,0.000855997999678948,True,0.0,1.499999964238441e-07,2.749999890028221e-07
HS35MOD,highs,low_accuracy,0.0007560399990325095,True,0.0,1.499999964238441e-07,2.749999890028221e-07
HS35MOD,highs,mid_accuracy,0.0009354779995192075,True,0.0,1.499999964238441e-07,2.749999890028221e-07
HS35MOD,osqp,default,0.001095715999326785,True,0.00013621705919036886,0.0026174007165556956,0.0015488114694248156
HS35MOD,osqp,high_accuracy,0.0012521939988801023,True,3.164135620181696e-15,2.3436808049837055e-13,1.1562972801471005e-13
HS35MOD,osqp,low_accuracy,0.0010969709983328357,True,6.939850916154455e-10,7.3020380852995e-09,4.965740929563367e-09
HS35MOD,osqp,mid_accuracy,0.0011873830007971264,True,6.939850916154455e-10,7.3020380852995e-09,4.965740929563367e-09
HS35MOD,piqp,default,0.00017275699974561576,True,7.338574192772285e-14,2.948396514055518e-10,4.513090623436966e-09
HS35MOD,piqp,high_accuracy,0.00019855100072163623,True,1.0325074129013956e-14,2.9558764097289846e-12,7.009641755928442e-10
HS35MOD,piqp,low_accuracy,0.00015388300016638823,True,3.793932057405414e-09,0.0007261258798304172,0.0007157739512331784
HS35MOD,piqp,mid_accuracy,0.00013944799866294488,True,2.201239190924298e-12,2.9481823724663453e-08,3.3821148659463063e-09
HS35MOD,proxqp,default,0.0003627780006354442,True,4.901288248038149e-06,1.9270995910147803e-10,4.90128796792888e-06
HS35MOD,proxqp,high_accuracy,0.00039784799992048647,True,6.20432594189424e-11,2.2841182118774314e-15,6.204348146354732e-11
HS35MOD,proxqp,low_accuracy,0.0004112820006412221,True,2.6035462825202416e-05,1.2994874065697104e-09,2.6031503257806232e-05
HS35MOD,proxqp,mid_accuracy,0.0002511530001356732,True,3.557967573897258e-07,1.818212247428619e-11,3.558057515284929e-07
HS35MOD,qpalm,default,0.001053034000506159,True,2.653084714032694e-06,3.395762959712556e-08,2.653098396976361e-06
HS35MOD,qpalm,high_accuracy,0.0007277740005520172,True,3.27365967667248e-10,4.312106227644108e-12,3.2717650810809573e-10
HS35MOD,qpalm,low_accuracy,0.0009032690013555111,True,2.653084714032694e-06,3.395762959712556e-08,2.653098396976361e-06
HS35MOD,qpalm,mid_accuracy,0.0007109869984560646,True,3.27365967667248e-10,4.312106227644108e-12,3.2717650810809573e-10
HS35MOD,qpoases,default,0.0002538900007493794,True,0.0,4.440892098500626e-16,2.220446049250313e-16
HS35MOD,qpoases,high_accuracy,0.00025958000151149463,True,0.0,4.440892098500626e-16,2.220446049250313e-16
HS35MOD,qpoases,low_accuracy,0.00025524500051687937,True,4.440892098500626e-16,2.403410803708539e-12,4.405364961712621e-12
HS35MOD,qpoases,mid_accuracy,0.00022416600040742196,True,0.0,0.0,2.220446049250313e-15
HS35MOD,quadprog,default,0.00016308600061165635,True,0.0,4.440892098500626e-16,2.220446049250313e-16
HS35MOD,quadprog,high_accuracy,0.00017503599883639254,True,0.0,4.440892098500626e-16,2.220446049250313e-16
HS35MOD,quadprog,low_accuracy,0.00016548299936403055,True,0.0,4.440892098500626e-16,2.220446049250313e-16
HS35MOD,quadprog,mid_accuracy,0.00021890399875701405,True,0.0,4.440892098500626e-16,2.220446049250313e-16
HS35MOD,scs,default,0.001544505999845569,True,1.7000951679779774e-07,3.182353491837375e-07,5.603400448084273e-07
HS35MOD,scs,high_accuracy,0.001327985999523662,True,3.9968028886505635e-14,2.7656575090836624e-12,3.798628078754973e-12
HS35MOD,scs,low_accuracy,0.0013968659986858256,True,1.7000951679779774e-07,3.182353491837375e-07,5.603400448084273e-07
HS35MOD,scs,mid_accuracy,0.0018325739983993117,True,3.9968028886505635e-14,2.7656575090836624e-12,3.798628078754973e-12
HS76,clarabel,default,0.001697162999334978,True,0.0,2.081882444215921e-09,2.893122630354128e-08
HS76,clarabel,high_accuracy,0.0016382390003855107,True,0.0,2.0818902157770935e-11,2.8931212980864984e-10
HS76,clarabel,low_accuracy,0.0015017429996078135,True,0.0,2.0816846056481708e-05,0.00028651348503183627
HS76,clarabel,mid_accuracy,0.0020913240005029365,True,0.0,2.081882444215921e-09,2.893122630354128e-08
HS76,cvxopt,default,0.0028707070014206693,True,0.0,4.440892098500626e-16,1.4731915252141903e-06
HS76,cvxopt,high_accuracy,0.0039016380014800234,True,0.0,4.440892098500626e-16,1.4731915252141903e-06
HS76,cvxopt,low_accuracy,0.0032499670014658477,True,0.0,4.440892098500626e-16,1.4731915252141903e-06
HS76,cvxopt,mid_accuracy,0.003295930999229313,True,0.0,4.440892098500626e-16,1.4731915252141903e-06
HS76,daqp,default,0.00012963100016349927,True,0.0,2.220446049250313e-16,8.881784197001252e-16
HS76,daqp,high_accuracy,0.0001297960006922949,True,0.0,2.220446049250313e-16,8.881784197001252e-16
HS76,daqp,low_accuracy,0.00019863800116581842,True,0.0,2.220446049250313e-16,8.881784197001252e-16
HS76,daqp,mid_accuracy,0.00013495399980456568,True,0.0,2.220446049250313e-16,8.881784197001252e-16
HS76,ecos,default,0.0007364650009549223,False,inf,inf,inf
HS76,ecos,high_accuracy,0.0007599140008096583,False,inf,inf,inf
HS76,ecos,low_accuracy,0.0007017300013103522,False,inf,inf,inf
HS76,ecos,mid_accuracy,0.0007811360010236967,False,inf,inf,inf
HS76,highs,default,0.0011178029999427963,True,0.0,2.0909090592269308e-07,4.74380157378107e-07
HS76,highs,high_accuracy,0.000921066999580944,True,0.0,2.0909090592269308e-07,4.74380157378107e-07
HS76,highs,low_accuracy,0.0009468900007050252,True,0.0,2.0909090592269308e-07,4.74380157378107e-07
HS76,highs,mid_accuracy,0.0008562870007153833,True,0.0,2.0909090592269308e-07,4.74380157378107e-07
HS76,osqp,default,0.0012128289999964181,True,0.00013455203799050963,0.000482816046021739,0.0001889659950835565
HS76,osqp,high_accuracy,0.0011589469995669788,True,3.540812087976519e-10,1.1352746520643109e-10,6.160614240968698e-10
HS76,osqp,low_accuracy,0.001262918000065838,True,0.00013455203799050963,0.000482816046021739,0.0001889659950835565
HS76,osqp,mid_accuracy,0.0011129680005979026,True,3.0139775475390707e-07,3.1608695755247496e-07,3.057674708983882e-07
HS76,piqp,default,0.00013700999988941476,True,0.0,3.058136040397271e-10,4.7264707703220665e-09
HS76,piqp,high_accuracy,0.0001578110004629707,True,0.0,3.0580747421967695e-12,4.7270187764070215e-11
HS76,piqp,low_accuracy,0.00021260699941194616,True,0.0,3.058139106173424e-06,4.725958547435738e-05
HS76,piqp,mid_accuracy,0.00015800300025148317,True,0.0,3.058138602915065e-08,4.726057856174748e-07
HS76,proxqp,default,0.00027132800096296705,True,4.868345415687259e-07,2.787947650517708e-11,1.2296638818298788e-07
HS76,proxqp,high_accuracy,0.0002905199999077013,True,5.685478754458018e-10,1.1213252548714081e-14,3.256293013009781e-10
HS76,proxqp,low_accuracy,0.0002780899994831998,True,0.0008180615849830986,2.243592509554304e-07,0.0007573199366106564
HS76,proxqp,mid_accuracy,0.00025660800019977614,True,4.868345415687259e-07,2.787947650517708e-11,1.2296638818298788e-07
HS76,qpalm,default,0.0009150219993898645,True,6.105271043388427e-06,8.633187054130076e-09,3.3126845053743637e-06
HS76,qpalm,high_accuracy,0.0009244060001947219,True,0.0,3.2862601528904634e-14,1.4922285629381804e-11
HS76,qpalm,low_accuracy,0.0007130379999580327,True,6.105271043388427e-06,8.633187054130076e-09,3.3126845053743637e-06
HS76,qpalm,mid_accuracy,0.0008406219985772623,True,1.8232286791430852e-08,9.933165401321276e-13,8.357611491760508e-09
HS76,qpoases,default,0.00026751900077215396,True,0.1203319502074689,0.91701244813278,8.881784197001252e-16
HS76,qpoases,high_accuracy,0.00025412600007257424,True,0.1203319502074689,0.91701244813278,8.881784197001252e-16
HS76,qpoases,low_accuracy,0.00025062500026251655,True,0.12033195020736742,0.9170124481325979,2.5934809855243657e-13
HS76,qpoases,mid_accuracy,0.0002450160009175306,True,0.1203319502074689,0.91701244813278,8.881784197001252e-16
HS76,quadprog,default,0.00014755999836779665,True,0.0,1.5543122344752192e-15,8.881784197001252e-16
HS76,quadprog,high_accuracy,0.00015733799955341965,True,0.0,1.5543122344752192e-15,8.881784197001252e-16
HS76,quadprog,low_accuracy,0.00014461399950960185,True,0.0,1.5543122344752192e-15,8.881784197001252e-16
HS76,quadprog,mid_accuracy,0.00020478999977058265,True,0.0,1.5543122344752192e-15,8.881784197001252e-16
HS76,scs,default,0.0012904169998364523,True,1.2434737506339388e-07,2.614684191836343e-09,3.05392617860889e-08
HS76,scs,high_accuracy,0.0018325219989492325,True,3.600852949148248e-11,7.194795768745554e-13,1.6425083515514416e-11
HS76,scs,low_accuracy,0.0012707949990726775,True,0.0006274007794795367,0.00010082259257737647,0.0003795268148247821
HS76,scs,mid_accuracy,0.001351896000414854,True,1.2434737506339388e-07,2.614684191836343e-09,3.05392617860889e-08
QPCBLEND,clarabel,default,0.003539323999575572,True,2.9228118089107732e-12,2.424003005357384e-15,2.2154485824574276e-09
QPCBLEND,clarabel,high_accuracy,0.004318969000451034,True,4.087871829163684e-12,2.470165744654151e-13,2.876053590095805e-10
QPCBLEND,clarabel,low_accuracy,0.003110010000455077,True,1.604273856652545e-13,4.4778859439875696e-12,0.0004264078933210505
QPCBLEND,clarabel,mid_accuracy,0.004405141000461299,True,3.560598855493901e-12,9.43689570931383e-15,7.788557933513108e-07
QPCBLEND,cvxopt,default,0.046438162000413286,True,1.734723475976807e-18,3.094638291471501e-11,2.964160943792029e-09
QPCBLEND,cvxopt,high_accuracy,0.04525526399993396,True,1.734723475976807e-18,3.094638291471501e-11,2.964160943792029e-09
QPCBLEND,cvxopt,low_accuracy,0.04459783600032097,True,1.734723475976807e-18,3.094638291471501e-11,2.964160943792029e-09
QPCBLEND,cvxopt,mid_accuracy,0.04578258299989102,True,1.734723475976807e-18,3.094638291471501e-11,2.964160943792029e-09
QPCBLEND,daqp,default,0.0012049500001012348,True,6.055976867272439e-06,1.7763568394002505e-15,2.710879855190049e-14
QPCBLEND,daqp,high_accuracy,0.0012510749984357972,True,1.8953588698522594e-14,1.7763568394002505e-15,2.3687239495728785e-14
QPCBLEND,daqp,low_accuracy,0.0009395039996888954,True,0.0012379184080130307,2.6645352591003757e-15,3.1420275406859576e-14
QPCBLEND,daqp,mid_accuracy,0.0011641069995675934,True,6.055976867272439e-06,1.7763568394002505e-15,2.710879855190049e-14
QPCBLEND,ecos,default,0.004306773998905555,False,inf,inf,inf
QPCBLEND,ecos,high_accuracy,0.008684875001563341,False,inf,inf,inf
QPCBLEND,ecos,low_accuracy,0.006060588999389438,False,inf,inf,inf
QPCBLEND,ecos,mid_accuracy,0.00515062299928104,False,inf,inf,inf
QPCBLEND,highs,default,1000.017670315,False,inf,inf,inf
QPCBLEND,highs,high_accuracy,1000.021218761,False,inf,inf,inf
QPCBLEND,highs,low_accuracy,1000.0204995010004,False,inf,inf,inf
QPCBLEND,highs,mid_accuracy,1000.019712284,False,inf,inf,inf
QPCBLEND,osqp,default,0.0022891349999554222,True,0.0008033132408063991,0.0029954522728279365,0.0007661129362417156
QPCBLEND,osqp,high_accuracy,0.018822481000825064,True,1.504438934540886e-12,3.1004955027003067e-10,1.2319929366450066e-12
QPCBLEND,osqp,low_accuracy,0.00184887700015679,True,0.0004295424116382597,0.000322907453851759,0.00021858479839837318
QPCBLEND,osqp,mid_accuracy,0.012220541000715457,True,3.895619582616753e-08,8.92531634363869e-07,2.780156394710837e-07
QPCBLEND,piqp,default,0.00188901299952704,True,2.8499300142037498e-11,1.0764669829755457e-08,1.6203981570267213e-11
QPCBLEND,piqp,high_accuracy,0.002441861999614048,True,2.8501159765603745e-13,1.0765172681044659e-10,1.6380864367341303e-13
QPCBLEND,piqp,low_accuracy,0.0013978330007375916,True,1.2674735341512082e-11,0.00010732428872879814,2.7007008482178648e-05
QPCBLEND,piqp,mid_accuracy,0.0021630999999615597,True,6.701977861567343e-11,4.734163071640037e-08,2.0697423230392977e-11
QPCBLEND,proxqp,default,0.007265165999342571,True,4.397779596852086e-06,1.3624851524784987e-09,1.7701744368860092e-06
QPCBLEND,proxqp,high_accuracy,0.00954208000075596,True,1.9811333649977225e-10,8.001821427683353e-12,5.800440975798362e-10
QPCBLEND,proxqp,low_accuracy,0.0020829319983022287,True,0.0005100586181822353,2.8461188295025863e-08,0.0006462051472549652
QPCBLEND,proxqp,mid_accuracy,0.004621754998879624,True,1.0517699345832798e-07,2.8646394256459954e-08,2.883560968977086e-07
QPCBLEND,qpalm,default,0.0026979819995176513,True,7.785812930312386e-05,3.584086638586115e-10,0.0002899242656989209
QPCBLEND,qpalm,high_accuracy,0.004049108998515294,True,8.876099300003659e-10,2.5929350724850223e-11,4.456288312732559e-09
QPCBLEND,qpalm,low_accuracy,0.002177493000999675,True,0.0005610053151066177,1.2248468017617142e-08,0.004004510416930179
QPCBLEND,qpalm,mid_accuracy,0.003890927000611555,True,2.3882798576291275e-07,9.343456596260644e-11,2.2723213383585863e-06
QPCBLEND,qpoases,default,0.014035803000297165,True,1.4289847782269793e-10,91.63786918067696,2.023668115752699e-11
QPCBLEND,qpoases,high_accuracy,0.018967246000102023,True,1.4289675622611505e-10,91.637869180677,2.0236436450532535e-11
QPCBLEND,qpoases,low_accuracy,0.006425650000892347,True,9.280643011601634e-08,97.4804265124783,2.0274649214398887e-08
QPCBLEND,qpoases,mid_accuracy,0.016210458999921684,True,1.4289847782269793e-10,91.63786918067696,2.023668115752699e-11
QPCBLEND,quadprog,default,0.004199500999675365,True,1.0547118733938987e-15,1.1296519275560968e-14,8.478702110134639e-16
QPCBLEND,quadprog,high_accuracy,0.004345284000009997,True,1.0547118733938987e-15,1.1296519275560968e-14,8.478702110134639e-16
QPCBLEND,quadprog,low_accuracy,0.004877162000411772,True,1.0547118733938987e-15,1.1296519275560968e-14,8.478702110134639e-16
QPCBLEND,quadprog,mid_accuracy,0.004347289999714121,True,1.0547118733938987e-15,1.1296519275560968e-14,8.478702110134639e-16
QPCBLEND,scs,default,0.127899733999584,True,0.000152180262090542,4.8901027607810635e-05,9.722788320585354e-05
QPCBLEND,scs,high_accuracy,0.4216458720002265,True,5.515100980069132e-10,7.14544867719269e-10,4.112757252327975e-10
QPCBLEND,scs,low_accuracy,0.017026419000103488,True,0.0009040792481404339,0.0002821729263373651,0.000557518457415833
QPCBLEND,scs,mid_accuracy,0.3380368919988541,True,2.7700848596878824e-07,9.99620031208459e-07,5.834231967577711e-07
QPCBOEI1,clarabel,default,0.018418354000459658,True,3.820483698291355e-07,0.0002147941995644942,0.0554299224895658
QPCBOEI1,clarabel,high_accuracy,0.04134218599938322,True,2.2737367544323206e-13,3.346940502524376e-10,9.371433407068253e-09
QPCBOEI1,clarabel,low_accuracy,0.021654633001162438,True,4.945809353202962e-10,2.5390181690454483e-07,0.00010451140406075865
QPCBOEI1,clarabel,mid_accuracy,0.024025716998949065,True,3.609557097661309e-12,4.94765117764473e-10,2.606684574857354e-07
QPCBOEI1,cvxopt,default,0.3324643779997132,False,inf,inf,inf
QPCBOEI1,cvxopt,high_accuracy,0.3346774950005056,False,inf,inf,inf
QPCBOEI1,cvxopt,low_accuracy,0.2964794729996356,False,inf,inf,inf
QPCBOEI1,cvxopt,mid_accuracy,0.29717146400071215,False,inf,inf,inf
QPCBOEI1,daqp,default,0.10478556999987632,True,9.123500396903668e-09,6.548361852765083e-11,1.977215288206935e-05
QPCBOEI1,daqp,high_accuracy,0.14024561800033553,False,inf,inf,inf
QPCBOEI1,daqp,low_accuracy,0.10430366100081301,True,0.0043062921280894555,6.184563972055912e-11,1.976474595721811e-05
QPCBOEI1,daqp,mid_accuracy,0.13943523300076777,True,9.123500396903668e-09,6.548361852765083e-11,1.977215288206935e-05
QPCBOEI1,ecos,default,0.024643675000334042,False,inf,inf,inf
QPCBOEI1,ecos,high_accuracy,0.0279880839989346,False,inf,inf,inf
QPCBOEI1,ecos,low_accuracy,0.03234790500027884,False,inf,inf,inf
QPCBOEI1,ecos,mid_accuracy,0.033099418000347214,False,inf,inf,inf
QPCBOEI1,highs,default,0.10786618299971451,True,4.7833736971369945e-11,1.2977401988803194,0.01014396436221432
QPCBOEI1,highs,high_accuracy,0.07512618100008694,True,4.7833736971369945e-11,1.2977401988803194,0.01014396436221432
QPCBOEI1,highs,low_accuracy,0.07531814700087125,True,4.7833736971369945e-11,1.2977401988803194,0.01014396436221432
QPCBOEI1,highs,mid_accuracy,0.07573932599916589,True,4.7833736971369945e-11,1.2977401988803194,0.01014396436221432
QPCBOEI1,osqp,default,0.020052306001161924,True,24.224776786551786,3.7364141788420966,108316.40505887399
QPCBOEI1,osqp,high_accuracy,0.15274739999949816,False,inf,inf,inf
QPCBOEI1,osqp,low_accuracy,0.15172631400128012,False,inf,inf,inf
QPCBOEI1,osqp,mid_accuracy,0.15248078200056625,False,inf,inf,inf
QPCBOEI1,piqp,default,0.09715238399985537,True,1.225744134389571e-13,3.718650054465979e-07,0.00016358308494091034
QPCBOEI1,piqp,high_accuracy,4.524238415000582,False,inf,inf,inf
QPCBOEI1,piqp,low_accuracy,0.09543627099992591,True,1.225744134389571e-13,3.718650054465979e-07,0.00016358308494091034
QPCBOEI1,piqp,mid_accuracy,0.13982991500051867,True,8.526512829121202e-14,8.899405656848103e-09,1.7508864402770996e-07
QPCBOEI1,proxqp,default,0.18245820799893409,True,8.864741459031286e-08,2.345419164440088e-09,0.0006372032512445003
QPCBOEI1,proxqp,high_accuracy,10.731818438000118,True,7.958078640513122e-12,3.0013964517987687e-10,1.2951204553246498e-08
QPCBOEI1,proxqp,low_accuracy,0.17885806199956278,True,8.864741459031286e-08,2.345419164440088e-09,0.0006372032512445003
QPCBOEI1,proxqp,mid_accuracy,0.18518723400120507,True,1.869698182522413e-11,1.2732925824820995e-10,1.314328983426094e-07
QPCBOEI1,qpalm,default,0.055684802999167005,True,0.7086040707179109,9.705838391549527e-06,1411.391156508762
QPCBOEI1,qpalm,high_accuracy,1.606437485999777,False,inf,inf,inf
QPCBOEI1,qpalm,low_accuracy,0.030098803001237684,True,0.00015781654043857567,8.905772119760513e-09,0.04685834699193947
QPCBOEI1,qpalm,mid_accuracy,0.03349863000039477,True,5.591801229051474e-08,5.483889253810048e-08,0.0001137907529482618
QPCBOEI1,qpoases,default,0.4626016649999656,False,inf,inf,inf
QPCBOEI1,qpoases,high_accuracy,0.5657619470002828,False,inf,inf,inf
QPCBOEI1,qpoases,low_accuracy,0.858717061999414,False,inf,inf,inf
QPCBOEI1,qpoases,mid_accuracy,0.4216344670003309,False,inf,inf,inf
QPCBOEI1,quadprog,default,0.4020947239987436,False,inf,inf,inf
QPCBOEI1,quadprog,high_accuracy,0.40770740900006786,False,inf,inf,inf
QPCBOEI1,quadprog,low_accuracy,0.40014219300064724,False,inf,inf,inf
QPCBOEI1,quadprog,mid_accuracy,0.4020364250009152,False,inf,inf,inf
QPCBOEI1,scs,default,1.5201651900006254,True,1.1226654275947108,0.11313299532582621,2291.1042473099264
QPCBOEI1,scs,high_accuracy,11.9685641140004,False,inf,inf,inf
QPCBOEI1,scs,low_accuracy,11.864125156000227,False,inf,inf,inf
QPCBOEI1,scs,mid_accuracy,12.998332525001388,False,inf,inf,inf
QPCBOEI2,clarabel,default,0.009494803000052343,True,4.6686299381981655e-07,9.550475135023558e-07,0.04183956778757647
QPCBOEI2,clarabel,high_accuracy,0.01246071999958076,True,3.728928277269006e-11,2.9802322387695312e-08,2.9866384920751443e-09
QPCBOEI2,clarabel,low_accuracy,0.009460040000703884,True,2.9359509268189754e-10,2.9802322387695312e-08,3.4888490233697667e-05
QPCBOEI2,clarabel,mid_accuracy,0.009194578999085934,True,6.794564910705958e-12,1.4901161193847656e-08,6.451147100960952e-07
QPCBOEI2,cvxopt,default,0.07929920500100707,False,inf,inf,inf
QPCBOEI2,cvxopt,high_accuracy,0.05660752200128627,False,inf,inf,inf
QPCBOEI2,cvxopt,low_accuracy,0.05658268300066993,False,inf,inf,inf
QPCBOEI2,cvxopt,mid_accuracy,0.056971101999806706,False,inf,inf,inf
QPCBOEI2,daqp,default,0.005273923999993713,True,1.5515881415240074e-06,1.4901161193847656e-08,0.03790656238140855
QPCBOEI2,daqp,high_accuracy,0.010785561999000493,True,1.9910605502104772e-06,8.731149137020111e-11,0.03791973018437034
QPCBOEI2,daqp,low_accuracy,0.0103503999998793,True,1.5515881415240074e-06,1.4901161193847656e-08,0.03790656238140855
QPCBOEI2,daqp,mid_accuracy,0.01084337500105903,True,1.5515881415240074e-06,1.4901161193847656e-08,0.03790656238140855
QPCBOEI2,ecos,default,0.00664390500060108,False,inf,inf,inf
QPCBOEI2,ecos,high_accuracy,0.006700992000332917,False,inf,inf,inf
QPCBOEI2,ecos,low_accuracy,0.006182166000144207,False,inf,inf,inf
QPCBOEI2,ecos,mid_accuracy,0.012561564000861836,False,inf,inf,inf
QPCBOEI2,highs,default,0.009839047999776085,True,5.678657544194721e-11,8.774725165494601e-05,0.35930864922283945
QPCBOEI2,highs,high_accuracy,0.010042923999208142,True,5.678657544194721e-11,8.774725165494601e-05,0.35930864922283945
QPCBOEI2,highs,low_accuracy,0.01074251000136428,True,5.678657544194721e-11,8.774725165494601e-05,0.35930864922283945
QPCBOEI2,highs,mid_accuracy,0.010811772999659297,True,5.678657544194721e-11,8.774725165494601e-05,0.35930864922283945
QPCBOEI2,osqp,default,0.01591604900022503,True,8.884047132518264,0.05655400960313273,11234.662716676132
QPCBOEI2,osqp,high_accuracy,0.04347555799904512,False,inf,inf,inf
QPCBOEI2,osqp,low_accuracy,0.04545683600008488,False,inf,inf,inf
QPCBOEI2,osqp,mid_accuracy,0.05256718300006469,False,inf,inf,inf
QPCBOEI2,piqp,default,0.00992234799923608,True,2.4180102364823597e-12,2.2471491027815612e-07,4.630544026440475e-06
QPCBOEI2,piqp,high_accuracy,0.25682312000026286,False,inf,inf,inf
QPCBOEI2,piqp,low_accuracy,0.007817543999408372,True,1.5155876553762937e-10,2.2471602939114904e-05,0.0004169377805851582
QPCBOEI2,piqp,mid_accuracy,0.021082171999296406,True,2.2737367544323206e-13,2.9802322387695312e-08,5.561611260418431e-08
QPCBOEI2,proxqp,default,0.04820306500005245,True,7.735498570582422e-07,1.4901161193847656e-08,0.5532745340706242
QPCBOEI2,proxqp,high_accuracy,1.6782515310005692,True,5.673541636497248e-10,6.402842700481415e-10,1.191295950775384e-09
QPCBOEI2,proxqp,low_accuracy,0.042721227000583895,True,2.105622343151481e-10,1.1641532182693481e-10,0.00015068639581272691
QPCBOEI2,proxqp,mid_accuracy,0.04500020900013624,True,8.526512829121202e-13,1.1641532182693481e-10,6.465976696290454e-07
QPCBOEI2,qpalm,default,0.022831807000329718,False,inf,inf,inf
QPCBOEI2,qpalm,high_accuracy,0.02604953199988813,False,inf,inf,inf
QPCBOEI2,qpalm,low_accuracy,0.011774378999689361,False,inf,inf,inf
QPCBOEI2,qpalm,mid_accuracy,0.012030971000058344,False,inf,inf,inf
QPCBOEI2,qpoases,default,0.21946470200055046,False,inf,inf,inf
QPCBOEI2,qpoases,high_accuracy,0.2695187649987929,False,inf,inf,inf
QPCBOEI2,qpoases,low_accuracy,0.09872144000109984,False,inf,inf,inf
QPCBOEI2,qpoases,mid_accuracy,0.18140007200054242,False,inf,inf,inf
QPCBOEI2,quadprog,default,0.021693787999538472,False,inf,inf,inf
QPCBOEI2,quadprog,high_accuracy,0.025518215999909444,False,inf,inf,inf
QPCBOEI2,quadprog,low_accuracy,0.02217656999891915,False,inf,inf,inf
QPCBOEI2,quadprog,mid_accuracy,0.025534078000418958,False,inf,inf,inf
QPCBOEI2,scs,default,1.2029309919998923,True,50.000602045873904,0.03167585020582919,1457.585433952001
QPCBOEI2,scs,high_accuracy,1.6078906840011769,False,inf,inf,inf
QPCBOEI2,scs,low_accuracy,1.6026914779995423,False,inf,inf,inf
QPCBOEI2,scs,mid_accuracy,1.6079745530005312,False,inf,inf,inf
QPCSTAIR,clarabel,default,0.03686116800054151,True,3.765894497480309e-08,9.26681070312856e-09,0.008427778724581003
QPCSTAIR,clarabel,high_accuracy,0.04829832500035991,True,1.1368683772161603e-13,7.275957614183426e-11,2.561137080192566e-09
QPCSTAIR,clarabel,low_accuracy,0.0294154229995911,True,1.5670618207858065e-09,8.731149137020111e-11,0.00016075791791081429
QPCSTAIR,clarabel,mid_accuracy,0.03215635599917732,True,7.787280214080785e-12,5.820766091346741e-11,5.85801899433136e-07
QPCSTAIR,cvxopt,default,0.9937596350009699,False,inf,inf,inf
QPCSTAIR,cvxopt,high_accuracy,0.9103408880000643,False,inf,inf,inf
QPCSTAIR,cvxopt,low_accuracy,0.931366369000898,True,2.842170943040401e-14,0.00012901365698780864,9.218067862093449e-05
QPCSTAIR,cvxopt,mid_accuracy,0.9006873090002046,True,2.842170943040401e-14,3.727072908077389e-07,9.182840585708618e-07
QPCSTAIR,daqp,default,0.08830092499920283,True,1.2182255204606918e-11,2.1656278504774137e-11,3.925524652004242e-07
QPCSTAIR,daqp,high_accuracy,0.1220441130008112,True,1.2182255204606918e-11,2.1656278504774137e-11,3.925524652004242e-07
QPCSTAIR,daqp,low_accuracy,0.12159595099910803,True,0.0005519639619843811,2.4378258839913145e-11,3.781169652938843e-07
QPCSTAIR,daqp,mid_accuracy,0.1218460119998781,True,1.2182255204606918e-11,2.1656278504774137e-11,3.925524652004242e-07
QPCSTAIR,ecos,default,0.04671744200095418,False,inf,inf,inf
QPCSTAIR,ecos,high_accuracy,0.05061653499979002,False,inf,inf,inf
QPCSTAIR,ecos,low_accuracy,0.05266977599967504,False,inf,inf,inf
QPCSTAIR,ecos,mid_accuracy,0.0547665349986346,False,inf,inf,inf
QPCSTAIR,highs,default,0.1540179919993534,True,7.749413254683524e-09,2.6089999892064952e-05,0.1096423240378499
QPCSTAIR,highs,high_accuracy,0.12400800999967032,True,7.749413254683524e-09,2.6089999892064952e-05,0.1096423240378499
QPCSTAIR,highs,low_accuracy,0.12301856400154065,True,7.749413254683524e-09,2.6089999892064952e-05,0.1096423240378499
QPCSTAIR,highs,mid_accuracy,0.12377459900017129,True,7.749413254683524e-09,2.6089999892064952e-05,0.1096423240378499
QPCSTAIR,osqp,default,0.06504883100024017,True,0.20450288059487143,0.9072407826092789,8271.270874530077
QPCSTAIR,osqp,high_accuracy,0.1527105440000014,False,inf,inf,inf
QPCSTAIR,osqp,low_accuracy,0.10923927099975117,True,0.00010665571867065611,0.000939490810878745,12.476487717591226
QPCSTAIR,osqp,mid_accuracy,0.15276952800013532,False,inf,inf,inf
QPCSTAIR,piqp,default,0.10133698799836566,True,5.225277494501726e-13,2.03311536343476e-06,6.347359158098698e-05
QPCSTAIR,piqp,high_accuracy,1.042170922999503,False,inf,inf,inf
QPCSTAIR,piqp,low_accuracy,0.09840686100142193,True,3.319127914006917e-12,0.00020324033383282373,0.0004451868589967489
QPCSTAIR,piqp,mid_accuracy,0.15520144200127106,True,1.1368683772161603e-13,2.8634508704048975e-09,1.9487924873828888e-07
QPCSTAIR,proxqp,default,0.4171971070009022,True,8.368525516999625e-08,7.544826985395048e-10,0.058419266948476434
QPCSTAIR,proxqp,high_accuracy,1.2540511370007152,True,2.744471316873387e-12,7.275957614183426e-11,9.313225746154785e-10
QPCSTAIR,proxqp,low_accuracy,0.4158374279995769,True,3.049865915372152e-11,8.731149137020111e-11,1.9342172890901566e-05
QPCSTAIR,proxqp,mid_accuracy,0.417532277000646,True,8.526512829121202e-14,5.820766091346741e-11,7.683411240577698e-09
QPCSTAIR,qpalm,default,0.08977496500119742,True,0.006836348117009505,1.9211196488067017e-06,88.5834364136681
QPCSTAIR,qpalm,high_accuracy,1.7987106809996476,False,inf,inf,inf
QPCSTAIR,qpalm,low_accuracy,0.05843416800053092,True,0.00010254416166165258,5.675246939063072e-10,4.239566624164581e-05
QPCSTAIR,qpalm,mid_accuracy,0.06223697399946104,True,2.2997521198917825e-07,1.7495401022331041e-09,9.73232090473175e-08
QPCSTAIR,qpoases,default,0.12506159500117064,False,inf,inf,inf
QPCSTAIR,qpoases,high_accuracy,0.10496355699979176,False,inf,inf,inf
QPCSTAIR,qpoases,low_accuracy,0.1491180129996792,False,inf,inf,inf
QPCSTAIR,qpoases,mid_accuracy,0.08578985900021507,False,inf,inf,inf
QPCSTAIR,quadprog,default,0.7894669380002597,False,inf,inf,inf
QPCSTAIR,quadprog,high_accuracy,0.7736113779992593,False,inf,inf,inf
QPCSTAIR,quadprog,low_accuracy,0.7687668279995705,False,inf,inf,inf
QPCSTAIR,quadprog,mid_accuracy,0.7748086610008613,False,inf,inf,inf
QPCSTAIR,scs,default,3.4584001729999727,True,0.006322044749254019,0.43698918017162214,0.27392031135968864
QPCSTAIR,scs,high_accuracy,12.296045107999817,False,inf,inf,inf
QPCSTAIR,scs,low_accuracy,3.5841049079990626,True,2.7797298685072747e-07,0.00015559414021026896,0.0004941262304782867
QPCSTAIR,scs,mid_accuracy,11.903981753999687,True,1.7708622124246176e-08,9.569897088113066e-07,6.738118827342987e-07
QPTEST,clarabel,default,0.0015043629991851049,True,0.0,2.085733257724846e-13,8.475602442103991e-10
QPTEST,clarabel,high_accuracy,0.0017448899998271372,True,0.0,2.085733257724846e-13,8.475602442103991e-10
QPTEST,clarabel,low_accuracy,0.001499553998655756,True,0.0,2.105961149242953e-07,0.0008462085000076058
QPTEST,clarabel,mid_accuracy,0.002140795000741491,True,0.0,2.0986353045138475e-11,8.475550927755648e-08
QPTEST,cvxopt,default,0.002884051000364707,True,0.0,8.64050917808158e-16,2.6071477066125226e-07
QPTEST,cvxopt,high_accuracy,0.0027326500003255205,True,0.0,8.64050917808158e-16,2.6071477066125226e-07
QPTEST,cvxopt,low_accuracy,0.0030184620009094942,True,0.0,8.64050917808158e-16,2.6071477066125226e-07
QPTEST,cvxopt,mid_accuracy,0.0025908400002663257,True,0.0,8.64050917808158e-16,2.6071477066125226e-07
QPTEST,daqp,default,0.00014974799887568224,True,0.0,1.7763568394002505e-15,3.552713678800501e-15
QPTEST,daqp,high_accuracy,0.0001598069993633544,True,0.0,1.7763568394002505e-15,3.552713678800501e-15
QPTEST,daqp,low_accuracy,0.00019457400048850104,True,0.0,1.7763568394002505e-15,3.552713678800501e-15
QPTEST,daqp,mid_accuracy,0.00017573900004208554,True,0.0,1.7763568394002505e-15,3.552713678800501e-15
QPTEST,ecos,default,0.0006547759985551238,False,inf,inf,inf
QPTEST,ecos,high_accuracy,0.0006529610000143293,False,inf,inf,inf
QPTEST,ecos,low_accuracy,0.0007588039989059325,False,inf,inf,inf
QPTEST,ecos,mid_accuracy,0.0006612769993807888,False,inf,inf,inf
QPTEST,highs,default,0.0008721140002307948,True,0.0,7.625000009170435e-08,8.070312240704425e-08
QPTEST,highs,high_accuracy,0.0010131760009244317,True,0.0,7.625000009170435e-08,8.070312240704425e-08
QPTEST,highs,low_accuracy,0.00074200800008839,True,0.0,7.625000009170435e-08,8.070312240704425e-08
QPTEST,highs,mid_accuracy,0.0008202389999496518,True,0.0,7.625000009170435e-08,8.070312240704425e-08
QPTEST,osqp,default,0.0011289720005152049,True,0.0,1.523853487839233e-08,4.78208406207159e-09
QPTEST,osqp,high_accuracy,0.0012438810008461587,True,0.0,4.440892098500626e-15,5.329070518200751e-15
QPTEST,osqp,low_accuracy,0.0010930190001090523,True,0.0,1.523853487839233e-08,4.78208406207159e-09
QPTEST,osqp,mid_accuracy,0.0014861570016364567,True,0.0,1.523853487839233e-08,4.78208406207159e-09
QPTEST,piqp,default,0.00011688399899867363,True,0.0,7.367084600256151e-10,2.1802701866135976e-09
QPTEST,piqp,high_accuracy,0.00018214400006399956,True,0.0,7.368647681271013e-12,2.1804780203638074e-11
QPTEST,piqp,low_accuracy,0.00016885200057004113,True,0.0,7.367095314921695e-06,2.1800711365926873e-05
QPTEST,piqp,mid_accuracy,0.00016070499987108633,True,0.0,7.36709540927732e-08,2.1801755423211944e-07
QPTEST,proxqp,default,0.00024963600117189344,True,0.0,7.1039217521828846e-06,1.3940706434555814
QPTEST,proxqp,high_accuracy,0.00021841699890501332,True,0.0,3.552713678800501e-15,3.596731801280839e-10
QPTEST,proxqp,low_accuracy,0.00021230899983493146,True,0.0,7.2190768918289905e-09,0.0008188920075831163
QPTEST,proxqp,mid_accuracy,0.00019962599981226958,True,0.0,4.7837289685048745e-12,5.426860276713796e-07
QPTEST,qpalm,default,0.0008424650004599243,True,0.0,2.62385668747811e-10,1.1847925287966632e-05
QPTEST,qpalm,high_accuracy,0.0009734640007081907,True,4.9751314179502515e-12,3.1086244689504383e-13,2.0957457991244155e-11
QPTEST,qpalm,low_accuracy,0.0008171170011337381,True,0.0,2.62385668747811e-10,1.1847925287966632e-05
QPTEST,qpalm,mid_accuracy,0.0007919139989098767,True,0.0,6.838973831690964e-14,1.5895695426593193e-08
QPTEST,qpoases,default,0.00036784700023417827,True,0.0,72.0,0.0
QPTEST,qpoases,high_accuracy,0.00023066600078891497,True,0.0,72.0,0.0
QPTEST,qpoases,low_accuracy,0.00025186099992424715,True,0.0,72.0000000000068,3.076650045841234e-12
QPTEST,qpoases,mid_accuracy,0.0003418079995753942,True,0.0,72.0,0.0
QPTEST,quadprog,default,0.00014528300016536377,True,0.0,1.7763568394002505e-15,1.7763568394002505e-15
QPTEST,quadprog,high_accuracy,0.00016833199879329186,True,0.0,1.7763568394002505e-15,1.7763568394002505e-15
QPTEST,quadprog,low_accuracy,0.00017427799866709393,True,0.0,1.7763568394002505e-15,1.7763568394002505e-15
QPTEST,quadprog,mid_accuracy,0.0001695910013950197,True,0.0,1.7763568394002505e-15,1.7763568394002505e-15
QPTEST,scs,default,0.001772753001205274,True,1.3574054323672868e-05,4.769623647149501e-07,5.8457666765932004e-05
QPTEST,scs,high_accuracy,0.0013947589995950693,True,0.0,6.3203477075536535e-12,4.560085642424383e-11
QPTEST,scs,low_accuracy,0.0012640400000236696,True,1.3574054323672868e-05,4.769623647149501e-07,5.8457666765932004e-05
QPTEST,scs,mid_accuracy,0.001427483000952634,True,0.0,6.3203477075536535e-12,4.560085642424383e-11
S268,clarabel,default,0.0016785389998403843,True,0.0,1.115241376309882e-08,3.0314755951595627e-05
S268,clarabel,high_accuracy,0.001810286001273198,True,0.0,8.106149805859779e-11,1.5369584094878368e-10
S268,clarabel,low_accuracy,0.001528815999336075,True,0.0,1.6426334819696214e-07,0.0008503917155170265
S268,clarabel,mid_accuracy,0.0021321730000636308,True,0.0,4.514291687514262e-07,7.858757074740916e-07
S268,cvxopt,default,0.004698964999988675,True,0.0,7.662634415884305e-12,0.006534371933345912
S268,cvxopt,high_accuracy,0.00521352300165745,True,0.0,7.662634415884305e-12,0.006534371933345912
S268,cvxopt,low_accuracy,0.005718090000300435,True,0.0,7.662634415884305e-12,0.006534371933345912
S268,cvxopt,mid_accuracy,0.006049101999451523,True,0.0,7.662634415884305e-12,0.006534371933345912
S268,daqp,default,0.00013489099910657387,True,0.0,7.275957614183426e-12,2.546585164964199e-11
S268,daqp,high_accuracy,0.00015574600001855288,True,0.0,7.275957614183426e-12,2.546585164964199e-11
S268,daqp,low_accuracy,0.00019125499966321513,True,0.0,7.275957614183426e-12,2.546585164964199e-11
S268,daqp,mid_accuracy,0.0001440760006516939,True,0.0,7.275957614183426e-12,2.546585164964199e-11
S268,ecos,default,0.0006762939992768224,False,inf,inf,inf
S268,ecos,high_accuracy,0.000728336000975105,False,inf,inf,inf
S268,ecos,low_accuracy,0.000777221999669564,False,inf,inf,inf
S268,ecos,mid_accuracy,0.0006675219992757775,False,inf,inf,inf
S268,highs,default,0.0010504710007808171,True,0.0,4.0003496337703837e-07,3.100023604929447e-06
S268,highs,high_accuracy,0.0009878619985101977,True,0.0,4.0003496337703837e-07,3.100023604929447e-06
S268,highs,low_accuracy,0.0010263840013067238,True,0.0,4.0003496337703837e-07,3.100023604929447e-06
S268,highs,mid_accuracy,0.0010322339985577855,True,0.0,4.0003496337703837e-07,3.100023604929447e-06
S268,osqp,default,0.0011190260011062492,True,0.0,0.5200305248944422,0.5003772646921154
S268,osqp,high_accuracy,0.001918314999784343,True,0.0,3.346940470872426e-10,1.9026629228238307e-09
S268,osqp,low_accuracy,0.0011594219995458843,True,0.0,0.0007924757082946567,0.004618097907950876
S268,osqp,mid_accuracy,0.0013014369997108588,True,0.0,9.961913747215657e-07,5.820129445062215e-06
S268,piqp,default,0.00015343499944719952,True,0.0,3.1887630575215715e-08,1.280453284012266e-05
S268,piqp,high_accuracy,0.00019888199858542066,True,0.0,1.870672467870777e-10,3.286542913630199e-10
S268,piqp,low_accuracy,0.00018167999951401725,True,0.0,9.183522964178754e-07,9.950454782963782e-05
S268,piqp,mid_accuracy,0.00022684200121148024,True,0.0,3.3807797419319226e-09,2.6471310311587323e-07
S268,proxqp,default,0.00045410100028675515,True,0.0,1.344233169220388e-06,3.955981810577214e-06
S268,proxqp,high_accuracy,0.0004417590007506078,True,0.0,1.0913936421275139e-11,2.9103830456733704e-11
S268,proxqp,low_accuracy,0.00038775299981352873,True,0.0,0.0002965310704894364,0.0008724046056158841
S268,proxqp,mid_accuracy,0.0002677689990377985,True,0.0,9.048380888998508e-08,2.6631096261553466e-07
S268,qpalm,default,0.0008250650007539662,True,0.0,2.7459134482532725,6.695864539227777
S268,qpalm,high_accuracy,0.0008079550007096259,True,0.0,1.4275856466741937e-10,6.021496995955392e-10
S268,qpalm,low_accuracy,0.0008310700013680616,True,0.0,0.0002873952248752622,0.0025602304904810773
S268,qpalm,mid_accuracy,0.0007403870004054625,True,0.0,1.4275856466741937e-10,6.021496995955392e-10
S268,qpoases,default,0.0003891750002367189,True,3.7260861063259654e-11,3.637978807091713e-12,1.4551915228366852e-11
S268,qpoases,high_accuracy,0.00037941799928375985,True,0.0,2.9103830456733704e-11,3.637978807091713e-11
S268,qpoases,low_accuracy,0.0003242640013922937,True,0.0,7.275957614183426e-12,1.4551915228366852e-11
S268,qpoases,mid_accuracy,0.0003094240000791615,True,3.7260861063259654e-11,3.637978807091713e-12,1.4551915228366852e-11
S268,quadprog,default,0.0001331229996139882,True,0.0,7.275957614183426e-12,2.1827872842550278e-11
S268,quadprog,high_accuracy,0.0001261449997400632,True,0.0,7.275957614183426e-12,2.1827872842550278e-11
S268,quadprog,low_accuracy,0.0001402140005666297,True,0.0,7.275957614183426e-12,2.1827872842550278e-11
S268,quadprog,mid_accuracy,0.00014557400027115364,True,0.0,7.275957614183426e-12,2.1827872842550278e-11
S268,scs,default,0.0014345309991767863,True,0.0,0.3337330416535505,0.23293948921127594
S268,scs,high_accuracy,0.0015208509994408814,True,0.0,1.5279510989785194e-10,6.511982064694166e-10
S268,scs,low_accuracy,0.001427526998668327,True,0.0,9.930302621796807e-05,0.0003842579462797994
S268,scs,mid_accuracy,0.0018971810004586587,True,0.0,6.915797712281346e-08,2.6766792871057987e-07
TAME,clarabel,default,0.0011206810013391078,True,2.220446049250313e-16,7.463510047109895e-10,8.109898288555537e-11
TAME,clarabel,high_accuracy,0.0015532809993601404,True,2.220446049250313e-16,7.463510047109895e-10,8.109898288555537e-11
TAME,clarabel,low_accuracy,0.0011587219996727072,True,0.0,0.000746436328981508,8.110816145956991e-05
TAME,clarabel,mid_accuracy,0.0013243879984656814,True,3.9968028886505635e-15,7.463510131674023e-08,8.109898380443363e-09
TAME,cvxopt,default,0.0023529319987574127,True,4.440892098500626e-16,6.364273121780628e-17,2.5955338548747044e-09
TAME,cvxopt,high_accuracy,0.001432578999811085,True,4.440892098500626e-16,6.364273121780628e-17,2.5955338548747044e-09
TAME,cvxopt,low_accuracy,0.0014960959997551981,True,4.440892098500626e-16,6.364273121780628e-17,2.5955338548747044e-09
TAME,cvxopt,mid_accuracy,0.0018343100000492996,True,4.440892098500626e-16,6.364273121780628e-17,2.5955338548747044e-09
TAME,daqp,default,0.00014274999921326526,True,0.0,1.1102230246251568e-16,1.1102230246251568e-16
TAME,daqp,high_accuracy,0.0001934039992192993,True,0.0,1.1102230246251568e-16,1.1102230246251568e-16
TAME,daqp,low_accuracy,0.00015019100101199,True,0.0,1.1102230246251568e-16,1.1102230246251568e-16
TAME,daqp,mid_accuracy,0.0001435470003343653,True,0.0,1.1102230246251568e-16,1.1102230246251568e-16
TAME,ecos,default,0.001461764999476145,False,inf,inf,inf
TAME,ecos,high_accuracy,0.0012236510010552593,False,inf,inf,inf
TAME,ecos,low_accuracy,0.0012878279994765762,False,inf,inf,inf
TAME,ecos,mid_accuracy,0.001115626999308006,False,inf,inf,inf
TAME,highs,default,0.0007846259995858418,True,0.0,5.000000014021566e-08,5.000000002919336e-08
TAME,highs,high_accuracy,0.0008937729999161093,True,0.0,5.000000014021566e-08,5.000000002919336e-08
TAME,highs,low_accuracy,0.0007120209993445314,True,0.0,5.000000014021566e-08,5.000000002919336e-08
TAME,highs,mid_accuracy,0.0008725830011826474,True,0.0,5.000000014021566e-08,5.000000002919336e-08
TAME,osqp,default,0.001115390999984811,True,0.00024523913794238794,0.0003065735798684374,0.00030657357986810436
TAME,osqp,high_accuracy,0.0018028099984803703,True,1.1819434320159417e-12,2.371523658978944e-16,2.371523658978944e-16
TAME,osqp,low_accuracy,0.001102883999919868,True,0.00024523913794238794,0.0003065735798684374,0.00030657357986810436
TAME,osqp,mid_accuracy,0.0011173920011060545,True,1.2730148934991803e-08,3.0343672183379824e-11,3.03434501387749e-11
TAME,piqp,default,0.0001098079992516432,True,1.7741363933510002e-13,1.7473705435141727e-10,8.141107698511379e-10
TAME,piqp,high_accuracy,0.00017555900012666825,True,1.7741363933510002e-13,1.7473705435141727e-10,8.141107698511379e-10
TAME,piqp,low_accuracy,0.00019663300008687656,True,1.809054288592904e-07,0.00017473713051562782,0.0008138154119178871
TAME,piqp,mid_accuracy,0.0001603679993422702,True,1.773203806010315e-11,1.7473713553178232e-08,8.140128022869128e-08
TAME,proxqp,default,0.0001441020012862282,True,5.013556236832528e-10,9.99999999426939e-07,9.99999999426939e-07
TAME,proxqp,high_accuracy,0.00013882900020689704,True,5.013556236832528e-10,4.0948083292744776e-14,4.0948083292744776e-14
TAME,proxqp,low_accuracy,0.00014619899957324378,True,5.013556236832528e-10,9.99999999426939e-07,9.99999999426939e-07
TAME,proxqp,mid_accuracy,0.00015605999942636117,True,5.013556236832528e-10,9.99999999426939e-07,9.99999999426939e-07
TAME,qpalm,default,0.00042341900007158983,True,7.500000620552782e-11,4.999993296299016e-08,4.999985768986909e-08
TAME,qpalm,high_accuracy,0.00043299299977661576,True,3.2500013791292304e-10,9.644719499263233e-14,9.644719499263233e-14
TAME,qpalm,low_accuracy,0.0007660210012545576,True,7.500000620552782e-11,4.999993296299016e-08,4.999985768986909e-08
TAME,qpalm,mid_accuracy,0.00038589100040553603,True,7.500000620552782e-11,4.999993296299016e-08,4.999985768986909e-08
TAME,qpoases,default,0.00022788800015405286,True,2.220446049250313e-16,2.220446049250313e-16,1.1102230246251565e-16
TAME,qpoases,high_accuracy,0.00025364000066474546,True,2.220446049250313e-16,2.220446049250313e-16,1.1102230246251565e-16
TAME,qpoases,low_accuracy,0.0002773409996734699,True,2.220446049250313e-16,0.0,0.0
TAME,qpoases,mid_accuracy,0.0002512180017220089,True,2.220446049250313e-16,2.220446049250313e-16,1.1102230246251565e-16
TAME,quadprog,default,0.00015505500050494447,True,0.0,1.1102230246251568e-16,1.1102230246251568e-16
TAME,quadprog,high_accuracy,0.00022971200087340549,True,0.0,1.1102230246251568e-16,1.1102230246251568e-16
TAME,quadprog,low_accuracy,0.00017736900008458178,True,0.0,1.1102230246251568e-16,1.1102230246251568e-16
TAME,quadprog,mid_accuracy,0.000184414000614197,True,0.0,1.1102230246251568e-16,1.1102230246251568e-16
TAME,scs,default,0.001681274001384736,True,1.3439126256287182e-08,1.0084672293401675e-07,1.0084672272571889e-07
TAME,scs,high_accuracy,0.0013336780011741212,True,8.881784197001252e-16,2.7777060682840396e-15,2.7639593237321524e-15
TAME,scs,low_accuracy,0.0012761210000462597,True,1.3439126256287182e-08,1.0084672293401675e-07,1.0084672272571889e-07
TAME,scs,mid_accuracy,0.001328747999650659,True,1.3439126256287182e-08,1.0084672293401675e-07,1.0084672272571889e-07
